<?xml version="1.0" encoding="UTF-8" ?>
<!-- This is a WordPress eXtended RSS file generated by WordPress as an export of your site. -->
<!-- It contains information about your site's posts, pages, comments, categories, and other content. -->
<!-- You may use this file to transfer that content from one site to another. -->
<!-- This file is not intended to serve as a complete backup of your site. -->

<!-- To import this information into a WordPress site follow these steps: -->
<!-- 1. Log in to that site as an administrator. -->
<!-- 2. Go to Tools: Import in the WordPress admin panel. -->
<!-- 3. Install the "WordPress" importer from the list. -->
<!-- 4. Activate & Run Importer. -->
<!-- 5. Upload this file using the form provided on that page. -->
<!-- 6. You will first be asked to map the authors in this export file to users -->
<!--    on the site. For each author, you may choose to map to an -->
<!--    existing user on the site or to create a new user. -->
<!-- 7. WordPress will then import each of the posts, pages, comments, categories, etc. -->
<!--    contained in this file into your site. -->

<!-- generator="WordPress/4.8.2" created="2017-09-25 06:54" -->
<rss version="2.0"
	xmlns:excerpt="http://wordpress.org/export/1.2/excerpt/"
	xmlns:content="http://purl.org/rss/1.0/modules/content/"
	xmlns:wfw="http://wellformedweb.org/CommentAPI/"
	xmlns:dc="http://purl.org/dc/elements/1.1/"
	xmlns:wp="http://wordpress.org/export/1.2/"
>

<channel>
	<title>travelblog</title>
	<link>http://localhost/wordpress</link>
	<description>What&#039;s real today?!</description>
	<pubDate>Mon, 25 Sep 2017 06:54:38 +0000</pubDate>
	<language>en-US</language>
	<wp:wxr_version>1.2</wp:wxr_version>
	<wp:base_site_url>http://localhost/wordpress</wp:base_site_url>
	<wp:base_blog_url>http://localhost/wordpress</wp:base_blog_url>

	<wp:author><wp:author_id>1</wp:author_id><wp:author_login><![CDATA[matboe]]></wp:author_login><wp:author_email><![CDATA[mathias.boehner@outlook.de]]></wp:author_email><wp:author_display_name><![CDATA[matboe]]></wp:author_display_name><wp:author_first_name><![CDATA[]]></wp:author_first_name><wp:author_last_name><![CDATA[]]></wp:author_last_name></wp:author>

	<wp:category>
		<wp:term_id>4</wp:term_id>
		<wp:category_nicename><![CDATA[daily-news]]></wp:category_nicename>
		<wp:category_parent><![CDATA[]]></wp:category_parent>
		<wp:cat_name><![CDATA[Daily News]]></wp:cat_name>
	</wp:category>
	<wp:category>
		<wp:term_id>5</wp:term_id>
		<wp:category_nicename><![CDATA[general-news]]></wp:category_nicename>
		<wp:category_parent><![CDATA[]]></wp:category_parent>
		<wp:cat_name><![CDATA[General News]]></wp:cat_name>
	</wp:category>
	<wp:category>
		<wp:term_id>8</wp:term_id>
		<wp:category_nicename><![CDATA[personal]]></wp:category_nicename>
		<wp:category_parent><![CDATA[]]></wp:category_parent>
		<wp:cat_name><![CDATA[personal]]></wp:cat_name>
	</wp:category>
	<wp:category>
		<wp:term_id>7</wp:term_id>
		<wp:category_nicename><![CDATA[travel]]></wp:category_nicename>
		<wp:category_parent><![CDATA[]]></wp:category_parent>
		<wp:cat_name><![CDATA[travel]]></wp:cat_name>
	</wp:category>
	<wp:category>
		<wp:term_id>1</wp:term_id>
		<wp:category_nicename><![CDATA[uncategorized]]></wp:category_nicename>
		<wp:category_parent><![CDATA[]]></wp:category_parent>
		<wp:cat_name><![CDATA[Uncategorized]]></wp:cat_name>
	</wp:category>
	<wp:tag>
		<wp:term_id>6</wp:term_id>
		<wp:tag_slug><![CDATA[news]]></wp:tag_slug>
		<wp:tag_name><![CDATA[news]]></wp:tag_name>
	</wp:tag>
	<wp:term>
		<wp:term_id><![CDATA[4]]></wp:term_id>
		<wp:term_taxonomy><![CDATA[category]]></wp:term_taxonomy>
		<wp:term_slug><![CDATA[daily-news]]></wp:term_slug>
		<wp:term_parent><![CDATA[]]></wp:term_parent>
		<wp:term_name><![CDATA[Daily News]]></wp:term_name>
	</wp:term>
	<wp:term>
		<wp:term_id><![CDATA[5]]></wp:term_id>
		<wp:term_taxonomy><![CDATA[category]]></wp:term_taxonomy>
		<wp:term_slug><![CDATA[general-news]]></wp:term_slug>
		<wp:term_parent><![CDATA[]]></wp:term_parent>
		<wp:term_name><![CDATA[General News]]></wp:term_name>
	</wp:term>
	<wp:term>
		<wp:term_id><![CDATA[6]]></wp:term_id>
		<wp:term_taxonomy><![CDATA[post_tag]]></wp:term_taxonomy>
		<wp:term_slug><![CDATA[news]]></wp:term_slug>
		<wp:term_parent><![CDATA[]]></wp:term_parent>
		<wp:term_name><![CDATA[news]]></wp:term_name>
	</wp:term>
	<wp:term>
		<wp:term_id><![CDATA[8]]></wp:term_id>
		<wp:term_taxonomy><![CDATA[category]]></wp:term_taxonomy>
		<wp:term_slug><![CDATA[personal]]></wp:term_slug>
		<wp:term_parent><![CDATA[]]></wp:term_parent>
		<wp:term_name><![CDATA[personal]]></wp:term_name>
	</wp:term>
	<wp:term>
		<wp:term_id><![CDATA[7]]></wp:term_id>
		<wp:term_taxonomy><![CDATA[category]]></wp:term_taxonomy>
		<wp:term_slug><![CDATA[travel]]></wp:term_slug>
		<wp:term_parent><![CDATA[]]></wp:term_parent>
		<wp:term_name><![CDATA[travel]]></wp:term_name>
	</wp:term>
	<wp:term>
		<wp:term_id><![CDATA[3]]></wp:term_id>
		<wp:term_taxonomy><![CDATA[nav_menu]]></wp:term_taxonomy>
		<wp:term_slug><![CDATA[travel-menu]]></wp:term_slug>
		<wp:term_parent><![CDATA[]]></wp:term_parent>
		<wp:term_name><![CDATA[travel menu]]></wp:term_name>
	</wp:term>
	<wp:term>
		<wp:term_id><![CDATA[1]]></wp:term_id>
		<wp:term_taxonomy><![CDATA[category]]></wp:term_taxonomy>
		<wp:term_slug><![CDATA[uncategorized]]></wp:term_slug>
		<wp:term_parent><![CDATA[]]></wp:term_parent>
		<wp:term_name><![CDATA[Uncategorized]]></wp:term_name>
	</wp:term>
	<wp:term>
		<wp:term_id><![CDATA[2]]></wp:term_id>
		<wp:term_taxonomy><![CDATA[nav_menu]]></wp:term_taxonomy>
		<wp:term_slug><![CDATA[what-are-we-talking-about]]></wp:term_slug>
		<wp:term_parent><![CDATA[]]></wp:term_parent>
		<wp:term_name><![CDATA[What are we talking about?]]></wp:term_name>
	</wp:term>
	<wp:term><wp:term_id>3</wp:term_id><wp:term_taxonomy>nav_menu</wp:term_taxonomy><wp:term_slug><![CDATA[travel-menu]]></wp:term_slug><wp:term_name><![CDATA[travel menu]]></wp:term_name>
</wp:term>
	<wp:term><wp:term_id>2</wp:term_id><wp:term_taxonomy>nav_menu</wp:term_taxonomy><wp:term_slug><![CDATA[what-are-we-talking-about]]></wp:term_slug><wp:term_name><![CDATA[What are we talking about?]]></wp:term_name>
</wp:term>

	<generator>https://wordpress.org/?v=4.8.2</generator>

<image>
	<url>http://localhost/wordpress/wp-content/uploads/2017/09/fakenews-150x150.jpg</url>
	<title>travelblog</title>
	<link>http://localhost/wordpress</link>
	<width>32</width>
	<height>32</height>
</image> 

	<item>
		<title>fakenews</title>
		<link>http://localhost/wordpress/fakenews/</link>
		<pubDate>Tue, 19 Sep 2017 07:32:52 +0000</pubDate>
		<dc:creator><![CDATA[matboe]]></dc:creator>
		<guid isPermaLink="false">http://localhost/wordpress/wp-content/uploads/2017/09/fakenews.jpg</guid>
		<description></description>
		<content:encoded><![CDATA[]]></content:encoded>
		<excerpt:encoded><![CDATA[]]></excerpt:encoded>
		<wp:post_id>5</wp:post_id>
		<wp:post_date><![CDATA[2017-09-19 07:32:52]]></wp:post_date>
		<wp:post_date_gmt><![CDATA[2017-09-19 07:32:52]]></wp:post_date_gmt>
		<wp:comment_status><![CDATA[open]]></wp:comment_status>
		<wp:ping_status><![CDATA[closed]]></wp:ping_status>
		<wp:post_name><![CDATA[fakenews]]></wp:post_name>
		<wp:status><![CDATA[inherit]]></wp:status>
		<wp:post_parent>0</wp:post_parent>
		<wp:menu_order>0</wp:menu_order>
		<wp:post_type><![CDATA[attachment]]></wp:post_type>
		<wp:post_password><![CDATA[]]></wp:post_password>
		<wp:is_sticky>0</wp:is_sticky>
		<wp:attachment_url><![CDATA[http://localhost/wordpress/wp-content/uploads/2017/09/fakenews.jpg]]></wp:attachment_url>
		<wp:postmeta>
			<wp:meta_key><![CDATA[_wp_attached_file]]></wp:meta_key>
			<wp:meta_value><![CDATA[2017/09/fakenews.jpg]]></wp:meta_value>
		</wp:postmeta>
		<wp:postmeta>
			<wp:meta_key><![CDATA[_wp_attachment_metadata]]></wp:meta_key>
			<wp:meta_value><![CDATA[a:5:{s:5:"width";i:300;s:6:"height";i:168;s:4:"file";s:20:"2017/09/fakenews.jpg";s:5:"sizes";a:2:{s:9:"thumbnail";a:4:{s:4:"file";s:20:"fakenews-150x150.jpg";s:5:"width";i:150;s:6:"height";i:150;s:9:"mime-type";s:10:"image/jpeg";}s:6:"medium";a:4:{s:4:"file";s:20:"fakenews-300x168.jpg";s:5:"width";i:300;s:6:"height";i:168;s:9:"mime-type";s:10:"image/jpeg";}}s:10:"image_meta";a:12:{s:8:"aperture";s:1:"0";s:6:"credit";s:0:"";s:6:"camera";s:0:"";s:7:"caption";s:0:"";s:17:"created_timestamp";s:1:"0";s:9:"copyright";s:0:"";s:12:"focal_length";s:1:"0";s:3:"iso";s:1:"0";s:13:"shutter_speed";s:1:"0";s:5:"title";s:0:"";s:11:"orientation";s:1:"0";s:8:"keywords";a:0:{}}}]]></wp:meta_value>
		</wp:postmeta>
		<wp:postmeta>
			<wp:meta_key><![CDATA[_wp_attachment_is_custom_background]]></wp:meta_key>
			<wp:meta_value><![CDATA[twentyfourteen]]></wp:meta_value>
		</wp:postmeta>
		<wp:postmeta>
			<wp:meta_key><![CDATA[_wp_attachment_custom_header_last_used_twentyfourteen]]></wp:meta_key>
			<wp:meta_value><![CDATA[1505806572]]></wp:meta_value>
		</wp:postmeta>
		<wp:postmeta>
			<wp:meta_key><![CDATA[_wp_attachment_is_custom_header]]></wp:meta_key>
			<wp:meta_value><![CDATA[twentyfourteen]]></wp:meta_value>
		</wp:postmeta>
	</item>
	<item>
		<title>cropped-fakenews.jpg</title>
		<link>http://localhost/wordpress/cropped-fakenews-jpg/</link>
		<pubDate>Tue, 19 Sep 2017 07:38:39 +0000</pubDate>
		<dc:creator><![CDATA[matboe]]></dc:creator>
		<guid isPermaLink="false">http://localhost/wordpress/wp-content/uploads/2017/09/cropped-fakenews.jpg</guid>
		<description></description>
		<content:encoded><![CDATA[]]></content:encoded>
		<excerpt:encoded><![CDATA[]]></excerpt:encoded>
		<wp:post_id>8</wp:post_id>
		<wp:post_date><![CDATA[2017-09-19 07:38:39]]></wp:post_date>
		<wp:post_date_gmt><![CDATA[2017-09-19 07:38:39]]></wp:post_date_gmt>
		<wp:comment_status><![CDATA[open]]></wp:comment_status>
		<wp:ping_status><![CDATA[closed]]></wp:ping_status>
		<wp:post_name><![CDATA[cropped-fakenews-jpg]]></wp:post_name>
		<wp:status><![CDATA[inherit]]></wp:status>
		<wp:post_parent>0</wp:post_parent>
		<wp:menu_order>0</wp:menu_order>
		<wp:post_type><![CDATA[attachment]]></wp:post_type>
		<wp:post_password><![CDATA[]]></wp:post_password>
		<wp:is_sticky>0</wp:is_sticky>
		<wp:attachment_url><![CDATA[http://localhost/wordpress/wp-content/uploads/2017/09/cropped-fakenews.jpg]]></wp:attachment_url>
		<wp:postmeta>
			<wp:meta_key><![CDATA[_wp_attached_file]]></wp:meta_key>
			<wp:meta_value><![CDATA[2017/09/cropped-fakenews.jpg]]></wp:meta_value>
		</wp:postmeta>
		<wp:postmeta>
			<wp:meta_key><![CDATA[_wp_attachment_context]]></wp:meta_key>
			<wp:meta_value><![CDATA[custom-header]]></wp:meta_value>
		</wp:postmeta>
		<wp:postmeta>
			<wp:meta_key><![CDATA[_wp_attachment_metadata]]></wp:meta_key>
			<wp:meta_value><![CDATA[a:5:{s:5:"width";i:1260;s:6:"height";i:239;s:4:"file";s:28:"2017/09/cropped-fakenews.jpg";s:5:"sizes";a:6:{s:9:"thumbnail";a:4:{s:4:"file";s:28:"cropped-fakenews-150x150.jpg";s:5:"width";i:150;s:6:"height";i:150;s:9:"mime-type";s:10:"image/jpeg";}s:6:"medium";a:4:{s:4:"file";s:27:"cropped-fakenews-300x57.jpg";s:5:"width";i:300;s:6:"height";i:57;s:9:"mime-type";s:10:"image/jpeg";}s:12:"medium_large";a:4:{s:4:"file";s:28:"cropped-fakenews-768x146.jpg";s:5:"width";i:768;s:6:"height";i:146;s:9:"mime-type";s:10:"image/jpeg";}s:5:"large";a:4:{s:4:"file";s:29:"cropped-fakenews-1024x194.jpg";s:5:"width";i:1024;s:6:"height";i:194;s:9:"mime-type";s:10:"image/jpeg";}s:14:"post-thumbnail";a:4:{s:4:"file";s:28:"cropped-fakenews-672x239.jpg";s:5:"width";i:672;s:6:"height";i:239;s:9:"mime-type";s:10:"image/jpeg";}s:25:"twentyfourteen-full-width";a:4:{s:4:"file";s:29:"cropped-fakenews-1038x239.jpg";s:5:"width";i:1038;s:6:"height";i:239;s:9:"mime-type";s:10:"image/jpeg";}}s:10:"image_meta";a:12:{s:8:"aperture";s:1:"0";s:6:"credit";s:0:"";s:6:"camera";s:0:"";s:7:"caption";s:0:"";s:17:"created_timestamp";s:1:"0";s:9:"copyright";s:0:"";s:12:"focal_length";s:1:"0";s:3:"iso";s:1:"0";s:13:"shutter_speed";s:1:"0";s:5:"title";s:0:"";s:11:"orientation";s:1:"0";s:8:"keywords";a:0:{}}}]]></wp:meta_value>
		</wp:postmeta>
		<wp:postmeta>
			<wp:meta_key><![CDATA[_wp_attachment_custom_header_last_used_twentyfourteen]]></wp:meta_key>
			<wp:meta_value><![CDATA[1505806720]]></wp:meta_value>
		</wp:postmeta>
		<wp:postmeta>
			<wp:meta_key><![CDATA[_wp_attachment_is_custom_header]]></wp:meta_key>
			<wp:meta_value><![CDATA[twentyfourteen]]></wp:meta_value>
		</wp:postmeta>
	</item>
	<item>
		<title>201016msm</title>
		<link>http://localhost/wordpress/201016msm/</link>
		<pubDate>Tue, 19 Sep 2017 07:40:43 +0000</pubDate>
		<dc:creator><![CDATA[matboe]]></dc:creator>
		<guid isPermaLink="false">http://localhost/wordpress/wp-content/uploads/2017/09/201016msm.jpg</guid>
		<description></description>
		<content:encoded><![CDATA[]]></content:encoded>
		<excerpt:encoded><![CDATA[]]></excerpt:encoded>
		<wp:post_id>9</wp:post_id>
		<wp:post_date><![CDATA[2017-09-19 07:40:43]]></wp:post_date>
		<wp:post_date_gmt><![CDATA[2017-09-19 07:40:43]]></wp:post_date_gmt>
		<wp:comment_status><![CDATA[open]]></wp:comment_status>
		<wp:ping_status><![CDATA[closed]]></wp:ping_status>
		<wp:post_name><![CDATA[201016msm]]></wp:post_name>
		<wp:status><![CDATA[inherit]]></wp:status>
		<wp:post_parent>0</wp:post_parent>
		<wp:menu_order>0</wp:menu_order>
		<wp:post_type><![CDATA[attachment]]></wp:post_type>
		<wp:post_password><![CDATA[]]></wp:post_password>
		<wp:is_sticky>0</wp:is_sticky>
		<wp:attachment_url><![CDATA[http://localhost/wordpress/wp-content/uploads/2017/09/201016msm.jpg]]></wp:attachment_url>
		<wp:postmeta>
			<wp:meta_key><![CDATA[_wp_attached_file]]></wp:meta_key>
			<wp:meta_value><![CDATA[2017/09/201016msm.jpg]]></wp:meta_value>
		</wp:postmeta>
		<wp:postmeta>
			<wp:meta_key><![CDATA[_wp_attachment_metadata]]></wp:meta_key>
			<wp:meta_value><![CDATA[a:5:{s:5:"width";i:800;s:6:"height";i:420;s:4:"file";s:21:"2017/09/201016msm.jpg";s:5:"sizes";a:4:{s:9:"thumbnail";a:4:{s:4:"file";s:21:"201016msm-150x150.jpg";s:5:"width";i:150;s:6:"height";i:150;s:9:"mime-type";s:10:"image/jpeg";}s:6:"medium";a:4:{s:4:"file";s:21:"201016msm-300x158.jpg";s:5:"width";i:300;s:6:"height";i:158;s:9:"mime-type";s:10:"image/jpeg";}s:12:"medium_large";a:4:{s:4:"file";s:21:"201016msm-768x403.jpg";s:5:"width";i:768;s:6:"height";i:403;s:9:"mime-type";s:10:"image/jpeg";}s:14:"post-thumbnail";a:4:{s:4:"file";s:21:"201016msm-672x372.jpg";s:5:"width";i:672;s:6:"height";i:372;s:9:"mime-type";s:10:"image/jpeg";}}s:10:"image_meta";a:12:{s:8:"aperture";s:1:"0";s:6:"credit";s:0:"";s:6:"camera";s:0:"";s:7:"caption";s:0:"";s:17:"created_timestamp";s:1:"0";s:9:"copyright";s:0:"";s:12:"focal_length";s:1:"0";s:3:"iso";s:1:"0";s:13:"shutter_speed";s:1:"0";s:5:"title";s:0:"";s:11:"orientation";s:1:"0";s:8:"keywords";a:0:{}}}]]></wp:meta_value>
		</wp:postmeta>
	</item>
	<item>
		<title>cropped-201016msm.jpg</title>
		<link>http://localhost/wordpress/cropped-201016msm-jpg/</link>
		<pubDate>Tue, 19 Sep 2017 07:40:58 +0000</pubDate>
		<dc:creator><![CDATA[matboe]]></dc:creator>
		<guid isPermaLink="false">http://localhost/wordpress/wp-content/uploads/2017/09/cropped-201016msm.jpg</guid>
		<description></description>
		<content:encoded><![CDATA[]]></content:encoded>
		<excerpt:encoded><![CDATA[]]></excerpt:encoded>
		<wp:post_id>10</wp:post_id>
		<wp:post_date><![CDATA[2017-09-19 07:40:58]]></wp:post_date>
		<wp:post_date_gmt><![CDATA[2017-09-19 07:40:58]]></wp:post_date_gmt>
		<wp:comment_status><![CDATA[open]]></wp:comment_status>
		<wp:ping_status><![CDATA[closed]]></wp:ping_status>
		<wp:post_name><![CDATA[cropped-201016msm-jpg]]></wp:post_name>
		<wp:status><![CDATA[inherit]]></wp:status>
		<wp:post_parent>0</wp:post_parent>
		<wp:menu_order>0</wp:menu_order>
		<wp:post_type><![CDATA[attachment]]></wp:post_type>
		<wp:post_password><![CDATA[]]></wp:post_password>
		<wp:is_sticky>0</wp:is_sticky>
		<wp:attachment_url><![CDATA[http://localhost/wordpress/wp-content/uploads/2017/09/cropped-201016msm.jpg]]></wp:attachment_url>
		<wp:postmeta>
			<wp:meta_key><![CDATA[_wp_attached_file]]></wp:meta_key>
			<wp:meta_value><![CDATA[2017/09/cropped-201016msm.jpg]]></wp:meta_value>
		</wp:postmeta>
		<wp:postmeta>
			<wp:meta_key><![CDATA[_wp_attachment_context]]></wp:meta_key>
			<wp:meta_value><![CDATA[custom-header]]></wp:meta_value>
		</wp:postmeta>
		<wp:postmeta>
			<wp:meta_key><![CDATA[_wp_attachment_metadata]]></wp:meta_key>
			<wp:meta_value><![CDATA[a:5:{s:5:"width";i:1260;s:6:"height";i:239;s:4:"file";s:29:"2017/09/cropped-201016msm.jpg";s:5:"sizes";a:6:{s:9:"thumbnail";a:4:{s:4:"file";s:29:"cropped-201016msm-150x150.jpg";s:5:"width";i:150;s:6:"height";i:150;s:9:"mime-type";s:10:"image/jpeg";}s:6:"medium";a:4:{s:4:"file";s:28:"cropped-201016msm-300x57.jpg";s:5:"width";i:300;s:6:"height";i:57;s:9:"mime-type";s:10:"image/jpeg";}s:12:"medium_large";a:4:{s:4:"file";s:29:"cropped-201016msm-768x146.jpg";s:5:"width";i:768;s:6:"height";i:146;s:9:"mime-type";s:10:"image/jpeg";}s:5:"large";a:4:{s:4:"file";s:30:"cropped-201016msm-1024x194.jpg";s:5:"width";i:1024;s:6:"height";i:194;s:9:"mime-type";s:10:"image/jpeg";}s:14:"post-thumbnail";a:4:{s:4:"file";s:29:"cropped-201016msm-672x239.jpg";s:5:"width";i:672;s:6:"height";i:239;s:9:"mime-type";s:10:"image/jpeg";}s:25:"twentyfourteen-full-width";a:4:{s:4:"file";s:30:"cropped-201016msm-1038x239.jpg";s:5:"width";i:1038;s:6:"height";i:239;s:9:"mime-type";s:10:"image/jpeg";}}s:10:"image_meta";a:12:{s:8:"aperture";s:1:"0";s:6:"credit";s:0:"";s:6:"camera";s:0:"";s:7:"caption";s:0:"";s:17:"created_timestamp";s:1:"0";s:9:"copyright";s:0:"";s:12:"focal_length";s:1:"0";s:3:"iso";s:1:"0";s:13:"shutter_speed";s:1:"0";s:5:"title";s:0:"";s:11:"orientation";s:1:"0";s:8:"keywords";a:0:{}}}]]></wp:meta_value>
		</wp:postmeta>
		<wp:postmeta>
			<wp:meta_key><![CDATA[_wp_attachment_custom_header_last_used_twentyfourteen]]></wp:meta_key>
			<wp:meta_value><![CDATA[1505807437]]></wp:meta_value>
		</wp:postmeta>
		<wp:postmeta>
			<wp:meta_key><![CDATA[_wp_attachment_is_custom_header]]></wp:meta_key>
			<wp:meta_value><![CDATA[twentyfourteen]]></wp:meta_value>
		</wp:postmeta>
	</item>
	<item>
		<title>What is fake news? How to spot it and what you can do to stop it</title>
		<link>http://localhost/wordpress/2017/09/19/what-is-fake-news-how-to-spot-it-and-what-you-can-do-to-stop-it/</link>
		<pubDate>Tue, 19 Sep 2017 07:55:55 +0000</pubDate>
		<dc:creator><![CDATA[matboe]]></dc:creator>
		<guid isPermaLink="false">http://localhost/wordpress/2017/09/19/what-is-fake-news-how-to-spot-it-and-what-you-can-do-to-stop-it/</guid>
		<description></description>
		<content:encoded><![CDATA[]]></content:encoded>
		<excerpt:encoded><![CDATA[]]></excerpt:encoded>
		<wp:post_id>17</wp:post_id>
		<wp:post_date><![CDATA[2017-09-19 07:55:55]]></wp:post_date>
		<wp:post_date_gmt><![CDATA[2017-09-19 07:55:55]]></wp:post_date_gmt>
		<wp:comment_status><![CDATA[closed]]></wp:comment_status>
		<wp:ping_status><![CDATA[closed]]></wp:ping_status>
		<wp:post_name><![CDATA[what-is-fake-news-how-to-spot-it-and-what-you-can-do-to-stop-it]]></wp:post_name>
		<wp:status><![CDATA[publish]]></wp:status>
		<wp:post_parent>0</wp:post_parent>
		<wp:menu_order>1</wp:menu_order>
		<wp:post_type><![CDATA[nav_menu_item]]></wp:post_type>
		<wp:post_password><![CDATA[]]></wp:post_password>
		<wp:is_sticky>0</wp:is_sticky>
		<category domain="nav_menu" nicename="what-are-we-talking-about"><![CDATA[What are we talking about?]]></category>
		<wp:postmeta>
			<wp:meta_key><![CDATA[_menu_item_type]]></wp:meta_key>
			<wp:meta_value><![CDATA[custom]]></wp:meta_value>
		</wp:postmeta>
		<wp:postmeta>
			<wp:meta_key><![CDATA[_menu_item_menu_item_parent]]></wp:meta_key>
			<wp:meta_value><![CDATA[0]]></wp:meta_value>
		</wp:postmeta>
		<wp:postmeta>
			<wp:meta_key><![CDATA[_menu_item_object_id]]></wp:meta_key>
			<wp:meta_value><![CDATA[17]]></wp:meta_value>
		</wp:postmeta>
		<wp:postmeta>
			<wp:meta_key><![CDATA[_menu_item_object]]></wp:meta_key>
			<wp:meta_value><![CDATA[custom]]></wp:meta_value>
		</wp:postmeta>
		<wp:postmeta>
			<wp:meta_key><![CDATA[_menu_item_target]]></wp:meta_key>
			<wp:meta_value><![CDATA[]]></wp:meta_value>
		</wp:postmeta>
		<wp:postmeta>
			<wp:meta_key><![CDATA[_menu_item_classes]]></wp:meta_key>
			<wp:meta_value><![CDATA[a:1:{i:0;s:0:"";}]]></wp:meta_value>
		</wp:postmeta>
		<wp:postmeta>
			<wp:meta_key><![CDATA[_menu_item_xfn]]></wp:meta_key>
			<wp:meta_value><![CDATA[]]></wp:meta_value>
		</wp:postmeta>
		<wp:postmeta>
			<wp:meta_key><![CDATA[_menu_item_url]]></wp:meta_key>
			<wp:meta_value><![CDATA[https://www.theguardian.com/media/2016/dec/18/what-is-fake-news-pizzagate]]></wp:meta_value>
		</wp:postmeta>
	</item>
	<item>
		<title>screenshot</title>
		<link>http://localhost/wordpress/screenshot/</link>
		<pubDate>Wed, 20 Sep 2017 07:52:06 +0000</pubDate>
		<dc:creator><![CDATA[matboe]]></dc:creator>
		<guid isPermaLink="false">http://localhost/wordpress/wp-content/uploads/2017/09/screenshot.jpg</guid>
		<description></description>
		<content:encoded><![CDATA[]]></content:encoded>
		<excerpt:encoded><![CDATA[]]></excerpt:encoded>
		<wp:post_id>41</wp:post_id>
		<wp:post_date><![CDATA[2017-09-20 07:52:06]]></wp:post_date>
		<wp:post_date_gmt><![CDATA[2017-09-20 07:52:06]]></wp:post_date_gmt>
		<wp:comment_status><![CDATA[open]]></wp:comment_status>
		<wp:ping_status><![CDATA[closed]]></wp:ping_status>
		<wp:post_name><![CDATA[screenshot]]></wp:post_name>
		<wp:status><![CDATA[inherit]]></wp:status>
		<wp:post_parent>0</wp:post_parent>
		<wp:menu_order>0</wp:menu_order>
		<wp:post_type><![CDATA[attachment]]></wp:post_type>
		<wp:post_password><![CDATA[]]></wp:post_password>
		<wp:is_sticky>0</wp:is_sticky>
		<wp:attachment_url><![CDATA[http://localhost/wordpress/wp-content/uploads/2017/09/screenshot.jpg]]></wp:attachment_url>
		<wp:postmeta>
			<wp:meta_key><![CDATA[_wp_attached_file]]></wp:meta_key>
			<wp:meta_value><![CDATA[2017/09/screenshot.jpg]]></wp:meta_value>
		</wp:postmeta>
		<wp:postmeta>
			<wp:meta_key><![CDATA[_wp_attachment_metadata]]></wp:meta_key>
			<wp:meta_value><![CDATA[a:5:{s:5:"width";i:1280;s:6:"height";i:720;s:4:"file";s:22:"2017/09/screenshot.jpg";s:5:"sizes";a:5:{s:9:"thumbnail";a:4:{s:4:"file";s:22:"screenshot-150x150.jpg";s:5:"width";i:150;s:6:"height";i:150;s:9:"mime-type";s:10:"image/jpeg";}s:6:"medium";a:4:{s:4:"file";s:22:"screenshot-300x169.jpg";s:5:"width";i:300;s:6:"height";i:169;s:9:"mime-type";s:10:"image/jpeg";}s:12:"medium_large";a:4:{s:4:"file";s:22:"screenshot-768x432.jpg";s:5:"width";i:768;s:6:"height";i:432;s:9:"mime-type";s:10:"image/jpeg";}s:5:"large";a:4:{s:4:"file";s:23:"screenshot-1024x576.jpg";s:5:"width";i:1024;s:6:"height";i:576;s:9:"mime-type";s:10:"image/jpeg";}s:14:"post-thumbnail";a:4:{s:4:"file";s:23:"screenshot-1200x675.jpg";s:5:"width";i:1200;s:6:"height";i:675;s:9:"mime-type";s:10:"image/jpeg";}}s:10:"image_meta";a:12:{s:8:"aperture";s:1:"0";s:6:"credit";s:0:"";s:6:"camera";s:0:"";s:7:"caption";s:0:"";s:17:"created_timestamp";s:1:"0";s:9:"copyright";s:0:"";s:12:"focal_length";s:1:"0";s:3:"iso";s:1:"0";s:13:"shutter_speed";s:1:"0";s:5:"title";s:0:"";s:11:"orientation";s:1:"0";s:8:"keywords";a:0:{}}}]]></wp:meta_value>
		</wp:postmeta>
		<wp:postmeta>
			<wp:meta_key><![CDATA[_edit_last]]></wp:meta_key>
			<wp:meta_value><![CDATA[1]]></wp:meta_value>
		</wp:postmeta>
	</item>
	<item>
		<title>cropped-screenshot.jpg</title>
		<link>http://localhost/wordpress/cropped-screenshot-jpg/</link>
		<pubDate>Wed, 20 Sep 2017 07:53:42 +0000</pubDate>
		<dc:creator><![CDATA[matboe]]></dc:creator>
		<guid isPermaLink="false">http://localhost/wordpress/wp-content/uploads/2017/09/cropped-screenshot.jpg</guid>
		<description></description>
		<content:encoded><![CDATA[]]></content:encoded>
		<excerpt:encoded><![CDATA[]]></excerpt:encoded>
		<wp:post_id>42</wp:post_id>
		<wp:post_date><![CDATA[2017-09-20 07:53:42]]></wp:post_date>
		<wp:post_date_gmt><![CDATA[2017-09-20 07:53:42]]></wp:post_date_gmt>
		<wp:comment_status><![CDATA[open]]></wp:comment_status>
		<wp:ping_status><![CDATA[closed]]></wp:ping_status>
		<wp:post_name><![CDATA[cropped-screenshot-jpg]]></wp:post_name>
		<wp:status><![CDATA[inherit]]></wp:status>
		<wp:post_parent>0</wp:post_parent>
		<wp:menu_order>0</wp:menu_order>
		<wp:post_type><![CDATA[attachment]]></wp:post_type>
		<wp:post_password><![CDATA[]]></wp:post_password>
		<wp:is_sticky>0</wp:is_sticky>
		<wp:attachment_url><![CDATA[http://localhost/wordpress/wp-content/uploads/2017/09/cropped-screenshot.jpg]]></wp:attachment_url>
		<wp:postmeta>
			<wp:meta_key><![CDATA[_wp_attached_file]]></wp:meta_key>
			<wp:meta_value><![CDATA[2017/09/cropped-screenshot.jpg]]></wp:meta_value>
		</wp:postmeta>
		<wp:postmeta>
			<wp:meta_key><![CDATA[_wp_attachment_context]]></wp:meta_key>
			<wp:meta_value><![CDATA[custom-header]]></wp:meta_value>
		</wp:postmeta>
		<wp:postmeta>
			<wp:meta_key><![CDATA[_wp_attachment_metadata]]></wp:meta_key>
			<wp:meta_value><![CDATA[a:5:{s:5:"width";i:1200;s:6:"height";i:446;s:4:"file";s:30:"2017/09/cropped-screenshot.jpg";s:5:"sizes";a:5:{s:9:"thumbnail";a:4:{s:4:"file";s:30:"cropped-screenshot-150x150.jpg";s:5:"width";i:150;s:6:"height";i:150;s:9:"mime-type";s:10:"image/jpeg";}s:6:"medium";a:4:{s:4:"file";s:30:"cropped-screenshot-300x112.jpg";s:5:"width";i:300;s:6:"height";i:112;s:9:"mime-type";s:10:"image/jpeg";}s:12:"medium_large";a:4:{s:4:"file";s:30:"cropped-screenshot-768x285.jpg";s:5:"width";i:768;s:6:"height";i:285;s:9:"mime-type";s:10:"image/jpeg";}s:5:"large";a:4:{s:4:"file";s:31:"cropped-screenshot-1024x381.jpg";s:5:"width";i:1024;s:6:"height";i:381;s:9:"mime-type";s:10:"image/jpeg";}s:14:"post-thumbnail";a:4:{s:4:"file";s:31:"cropped-screenshot-1200x446.jpg";s:5:"width";i:1200;s:6:"height";i:446;s:9:"mime-type";s:10:"image/jpeg";}}s:10:"image_meta";a:12:{s:8:"aperture";s:1:"0";s:6:"credit";s:0:"";s:6:"camera";s:0:"";s:7:"caption";s:0:"";s:17:"created_timestamp";s:1:"0";s:9:"copyright";s:0:"";s:12:"focal_length";s:1:"0";s:3:"iso";s:1:"0";s:13:"shutter_speed";s:1:"0";s:5:"title";s:0:"";s:11:"orientation";s:1:"0";s:8:"keywords";a:0:{}}}]]></wp:meta_value>
		</wp:postmeta>
		<wp:postmeta>
			<wp:meta_key><![CDATA[_wp_attachment_custom_header_last_used_twentysixteen]]></wp:meta_key>
			<wp:meta_value><![CDATA[1505894048]]></wp:meta_value>
		</wp:postmeta>
		<wp:postmeta>
			<wp:meta_key><![CDATA[_wp_attachment_is_custom_header]]></wp:meta_key>
			<wp:meta_value><![CDATA[twentysixteen]]></wp:meta_value>
		</wp:postmeta>
	</item>
	<item>
		<title>twentysixteen</title>
		<link>http://localhost/wordpress/2017/09/20/twentysixteen/</link>
		<pubDate>Wed, 20 Sep 2017 08:25:27 +0000</pubDate>
		<dc:creator><![CDATA[matboe]]></dc:creator>
		<guid isPermaLink="false">http://localhost/wordpress/2017/09/20/twentysixteen/</guid>
		<description></description>
		<content:encoded><![CDATA[/*
You can add your own CSS here.

Click the help icon above to learn more.
*/]]></content:encoded>
		<excerpt:encoded><![CDATA[]]></excerpt:encoded>
		<wp:post_id>45</wp:post_id>
		<wp:post_date><![CDATA[2017-09-20 08:25:27]]></wp:post_date>
		<wp:post_date_gmt><![CDATA[2017-09-20 08:25:27]]></wp:post_date_gmt>
		<wp:comment_status><![CDATA[closed]]></wp:comment_status>
		<wp:ping_status><![CDATA[closed]]></wp:ping_status>
		<wp:post_name><![CDATA[twentysixteen]]></wp:post_name>
		<wp:status><![CDATA[publish]]></wp:status>
		<wp:post_parent>0</wp:post_parent>
		<wp:menu_order>0</wp:menu_order>
		<wp:post_type><![CDATA[custom_css]]></wp:post_type>
		<wp:post_password><![CDATA[]]></wp:post_password>
		<wp:is_sticky>0</wp:is_sticky>
	</item>
	<item>
		<title>cropped-fakenews-1.jpg</title>
		<link>http://localhost/wordpress/cropped-fakenews-1-jpg/</link>
		<pubDate>Wed, 20 Sep 2017 11:25:02 +0000</pubDate>
		<dc:creator><![CDATA[matboe]]></dc:creator>
		<guid isPermaLink="false">http://localhost/wordpress/wp-content/uploads/2017/09/cropped-fakenews-1.jpg</guid>
		<description></description>
		<content:encoded><![CDATA[http://localhost/wordpress/wp-content/uploads/2017/09/cropped-fakenews-1.jpg]]></content:encoded>
		<excerpt:encoded><![CDATA[]]></excerpt:encoded>
		<wp:post_id>52</wp:post_id>
		<wp:post_date><![CDATA[2017-09-20 11:25:02]]></wp:post_date>
		<wp:post_date_gmt><![CDATA[2017-09-20 11:25:02]]></wp:post_date_gmt>
		<wp:comment_status><![CDATA[open]]></wp:comment_status>
		<wp:ping_status><![CDATA[closed]]></wp:ping_status>
		<wp:post_name><![CDATA[cropped-fakenews-1-jpg]]></wp:post_name>
		<wp:status><![CDATA[inherit]]></wp:status>
		<wp:post_parent>0</wp:post_parent>
		<wp:menu_order>0</wp:menu_order>
		<wp:post_type><![CDATA[attachment]]></wp:post_type>
		<wp:post_password><![CDATA[]]></wp:post_password>
		<wp:is_sticky>0</wp:is_sticky>
		<wp:attachment_url><![CDATA[http://localhost/wordpress/wp-content/uploads/2017/09/cropped-fakenews-1.jpg]]></wp:attachment_url>
		<wp:postmeta>
			<wp:meta_key><![CDATA[_wp_attached_file]]></wp:meta_key>
			<wp:meta_value><![CDATA[2017/09/cropped-fakenews-1.jpg]]></wp:meta_value>
		</wp:postmeta>
		<wp:postmeta>
			<wp:meta_key><![CDATA[_wp_attachment_context]]></wp:meta_key>
			<wp:meta_value><![CDATA[custom-logo]]></wp:meta_value>
		</wp:postmeta>
		<wp:postmeta>
			<wp:meta_key><![CDATA[_wp_attachment_metadata]]></wp:meta_key>
			<wp:meta_value><![CDATA[a:5:{s:5:"width";i:240;s:6:"height";i:148;s:4:"file";s:30:"2017/09/cropped-fakenews-1.jpg";s:5:"sizes";a:1:{s:9:"thumbnail";a:4:{s:4:"file";s:30:"cropped-fakenews-1-150x148.jpg";s:5:"width";i:150;s:6:"height";i:148;s:9:"mime-type";s:10:"image/jpeg";}}s:10:"image_meta";a:12:{s:8:"aperture";s:1:"0";s:6:"credit";s:0:"";s:6:"camera";s:0:"";s:7:"caption";s:0:"";s:17:"created_timestamp";s:1:"0";s:9:"copyright";s:0:"";s:12:"focal_length";s:1:"0";s:3:"iso";s:1:"0";s:13:"shutter_speed";s:1:"0";s:5:"title";s:0:"";s:11:"orientation";s:1:"0";s:8:"keywords";a:0:{}}}]]></wp:meta_value>
		</wp:postmeta>
	</item>
	<item>
		<title>images</title>
		<link>http://localhost/wordpress/images/</link>
		<pubDate>Wed, 20 Sep 2017 20:23:30 +0000</pubDate>
		<dc:creator><![CDATA[matboe]]></dc:creator>
		<guid isPermaLink="false">http://localhost/wordpress/wp-content/uploads/2017/09/images.jpg</guid>
		<description></description>
		<content:encoded><![CDATA[]]></content:encoded>
		<excerpt:encoded><![CDATA[]]></excerpt:encoded>
		<wp:post_id>59</wp:post_id>
		<wp:post_date><![CDATA[2017-09-20 20:23:30]]></wp:post_date>
		<wp:post_date_gmt><![CDATA[2017-09-20 20:23:30]]></wp:post_date_gmt>
		<wp:comment_status><![CDATA[open]]></wp:comment_status>
		<wp:ping_status><![CDATA[closed]]></wp:ping_status>
		<wp:post_name><![CDATA[images]]></wp:post_name>
		<wp:status><![CDATA[inherit]]></wp:status>
		<wp:post_parent>0</wp:post_parent>
		<wp:menu_order>0</wp:menu_order>
		<wp:post_type><![CDATA[attachment]]></wp:post_type>
		<wp:post_password><![CDATA[]]></wp:post_password>
		<wp:is_sticky>0</wp:is_sticky>
		<wp:attachment_url><![CDATA[http://localhost/wordpress/wp-content/uploads/2017/09/images.jpg]]></wp:attachment_url>
		<wp:postmeta>
			<wp:meta_key><![CDATA[_wp_attached_file]]></wp:meta_key>
			<wp:meta_value><![CDATA[2017/09/images.jpg]]></wp:meta_value>
		</wp:postmeta>
		<wp:postmeta>
			<wp:meta_key><![CDATA[_wp_attachment_metadata]]></wp:meta_key>
			<wp:meta_value><![CDATA[a:5:{s:5:"width";i:299;s:6:"height";i:168;s:4:"file";s:18:"2017/09/images.jpg";s:5:"sizes";a:1:{s:9:"thumbnail";a:4:{s:4:"file";s:18:"images-150x150.jpg";s:5:"width";i:150;s:6:"height";i:150;s:9:"mime-type";s:10:"image/jpeg";}}s:10:"image_meta";a:12:{s:8:"aperture";s:1:"0";s:6:"credit";s:0:"";s:6:"camera";s:0:"";s:7:"caption";s:0:"";s:17:"created_timestamp";s:1:"0";s:9:"copyright";s:0:"";s:12:"focal_length";s:1:"0";s:3:"iso";s:1:"0";s:13:"shutter_speed";s:1:"0";s:5:"title";s:0:"";s:11:"orientation";s:1:"0";s:8:"keywords";a:0:{}}}]]></wp:meta_value>
		</wp:postmeta>
	</item>
	<item>
		<title>tom-true</title>
		<link>http://localhost/wordpress/tom-true/</link>
		<pubDate>Wed, 20 Sep 2017 20:23:30 +0000</pubDate>
		<dc:creator><![CDATA[matboe]]></dc:creator>
		<guid isPermaLink="false">http://localhost/wordpress/wp-content/uploads/2017/09/tom-true.png</guid>
		<description></description>
		<content:encoded><![CDATA[]]></content:encoded>
		<excerpt:encoded><![CDATA[]]></excerpt:encoded>
		<wp:post_id>60</wp:post_id>
		<wp:post_date><![CDATA[2017-09-20 20:23:30]]></wp:post_date>
		<wp:post_date_gmt><![CDATA[2017-09-20 20:23:30]]></wp:post_date_gmt>
		<wp:comment_status><![CDATA[open]]></wp:comment_status>
		<wp:ping_status><![CDATA[closed]]></wp:ping_status>
		<wp:post_name><![CDATA[tom-true]]></wp:post_name>
		<wp:status><![CDATA[inherit]]></wp:status>
		<wp:post_parent>0</wp:post_parent>
		<wp:menu_order>0</wp:menu_order>
		<wp:post_type><![CDATA[attachment]]></wp:post_type>
		<wp:post_password><![CDATA[]]></wp:post_password>
		<wp:is_sticky>0</wp:is_sticky>
		<wp:attachment_url><![CDATA[http://localhost/wordpress/wp-content/uploads/2017/09/tom-true.png]]></wp:attachment_url>
		<wp:postmeta>
			<wp:meta_key><![CDATA[_wp_attached_file]]></wp:meta_key>
			<wp:meta_value><![CDATA[2017/09/tom-true.png]]></wp:meta_value>
		</wp:postmeta>
		<wp:postmeta>
			<wp:meta_key><![CDATA[_wp_attachment_metadata]]></wp:meta_key>
			<wp:meta_value><![CDATA[a:5:{s:5:"width";i:390;s:6:"height";i:390;s:4:"file";s:20:"2017/09/tom-true.png";s:5:"sizes";a:2:{s:9:"thumbnail";a:4:{s:4:"file";s:20:"tom-true-150x150.png";s:5:"width";i:150;s:6:"height";i:150;s:9:"mime-type";s:9:"image/png";}s:6:"medium";a:4:{s:4:"file";s:20:"tom-true-300x300.png";s:5:"width";i:300;s:6:"height";i:300;s:9:"mime-type";s:9:"image/png";}}s:10:"image_meta";a:12:{s:8:"aperture";s:1:"0";s:6:"credit";s:0:"";s:6:"camera";s:0:"";s:7:"caption";s:0:"";s:17:"created_timestamp";s:1:"0";s:9:"copyright";s:0:"";s:12:"focal_length";s:1:"0";s:3:"iso";s:1:"0";s:13:"shutter_speed";s:1:"0";s:5:"title";s:0:"";s:11:"orientation";s:1:"0";s:8:"keywords";a:0:{}}}]]></wp:meta_value>
		</wp:postmeta>
	</item>
	<item>
		<title>True_False_Thinkstock.jpg_resized_460_</title>
		<link>http://localhost/wordpress/true_false_thinkstock-jpg_resized_460_/</link>
		<pubDate>Wed, 20 Sep 2017 20:23:31 +0000</pubDate>
		<dc:creator><![CDATA[matboe]]></dc:creator>
		<guid isPermaLink="false">http://localhost/wordpress/wp-content/uploads/2017/09/True_False_Thinkstock.jpg_resized_460_.jpeg</guid>
		<description></description>
		<content:encoded><![CDATA[]]></content:encoded>
		<excerpt:encoded><![CDATA[True or False with Red Marker]]></excerpt:encoded>
		<wp:post_id>61</wp:post_id>
		<wp:post_date><![CDATA[2017-09-20 20:23:31]]></wp:post_date>
		<wp:post_date_gmt><![CDATA[2017-09-20 20:23:31]]></wp:post_date_gmt>
		<wp:comment_status><![CDATA[open]]></wp:comment_status>
		<wp:ping_status><![CDATA[closed]]></wp:ping_status>
		<wp:post_name><![CDATA[true_false_thinkstock-jpg_resized_460_]]></wp:post_name>
		<wp:status><![CDATA[inherit]]></wp:status>
		<wp:post_parent>0</wp:post_parent>
		<wp:menu_order>0</wp:menu_order>
		<wp:post_type><![CDATA[attachment]]></wp:post_type>
		<wp:post_password><![CDATA[]]></wp:post_password>
		<wp:is_sticky>0</wp:is_sticky>
		<wp:attachment_url><![CDATA[http://localhost/wordpress/wp-content/uploads/2017/09/True_False_Thinkstock.jpg_resized_460_.jpeg]]></wp:attachment_url>
		<wp:postmeta>
			<wp:meta_key><![CDATA[_wp_attached_file]]></wp:meta_key>
			<wp:meta_value><![CDATA[2017/09/True_False_Thinkstock.jpg_resized_460_.jpeg]]></wp:meta_value>
		</wp:postmeta>
		<wp:postmeta>
			<wp:meta_key><![CDATA[_wp_attachment_metadata]]></wp:meta_key>
			<wp:meta_value><![CDATA[a:5:{s:5:"width";i:460;s:6:"height";i:280;s:4:"file";s:51:"2017/09/True_False_Thinkstock.jpg_resized_460_.jpeg";s:5:"sizes";a:2:{s:9:"thumbnail";a:4:{s:4:"file";s:51:"True_False_Thinkstock.jpg_resized_460_-150x150.jpeg";s:5:"width";i:150;s:6:"height";i:150;s:9:"mime-type";s:10:"image/jpeg";}s:6:"medium";a:4:{s:4:"file";s:51:"True_False_Thinkstock.jpg_resized_460_-300x183.jpeg";s:5:"width";i:300;s:6:"height";i:183;s:9:"mime-type";s:10:"image/jpeg";}}s:10:"image_meta";a:12:{s:8:"aperture";s:1:"0";s:6:"credit";s:24:"Getty Images/iStockphoto";s:6:"camera";s:0:"";s:7:"caption";s:29:"True or False with Red Marker";s:17:"created_timestamp";s:1:"0";s:9:"copyright";s:0:"";s:12:"focal_length";s:1:"0";s:3:"iso";s:1:"0";s:13:"shutter_speed";s:1:"0";s:5:"title";s:9:"177635176";s:11:"orientation";s:1:"1";s:8:"keywords";a:0:{}}}]]></wp:meta_value>
		</wp:postmeta>
	</item>
	<item>
		<title>journalism-orwell-682x1024</title>
		<link>http://localhost/wordpress/journalism-orwell-682x1024/</link>
		<pubDate>Wed, 20 Sep 2017 20:25:30 +0000</pubDate>
		<dc:creator><![CDATA[matboe]]></dc:creator>
		<guid isPermaLink="false">http://localhost/wordpress/wp-content/uploads/2017/09/journalism-orwell-682x1024.jpg</guid>
		<description></description>
		<content:encoded><![CDATA[]]></content:encoded>
		<excerpt:encoded><![CDATA[]]></excerpt:encoded>
		<wp:post_id>62</wp:post_id>
		<wp:post_date><![CDATA[2017-09-20 20:25:30]]></wp:post_date>
		<wp:post_date_gmt><![CDATA[2017-09-20 20:25:30]]></wp:post_date_gmt>
		<wp:comment_status><![CDATA[open]]></wp:comment_status>
		<wp:ping_status><![CDATA[closed]]></wp:ping_status>
		<wp:post_name><![CDATA[journalism-orwell-682x1024]]></wp:post_name>
		<wp:status><![CDATA[inherit]]></wp:status>
		<wp:post_parent>0</wp:post_parent>
		<wp:menu_order>0</wp:menu_order>
		<wp:post_type><![CDATA[attachment]]></wp:post_type>
		<wp:post_password><![CDATA[]]></wp:post_password>
		<wp:is_sticky>0</wp:is_sticky>
		<wp:attachment_url><![CDATA[http://localhost/wordpress/wp-content/uploads/2017/09/journalism-orwell-682x1024.jpg]]></wp:attachment_url>
		<wp:postmeta>
			<wp:meta_key><![CDATA[_wp_attached_file]]></wp:meta_key>
			<wp:meta_value><![CDATA[2017/09/journalism-orwell-682x1024.jpg]]></wp:meta_value>
		</wp:postmeta>
		<wp:postmeta>
			<wp:meta_key><![CDATA[_wp_attachment_metadata]]></wp:meta_key>
			<wp:meta_value><![CDATA[a:5:{s:5:"width";i:350;s:6:"height";i:200;s:4:"file";s:38:"2017/09/journalism-orwell-682x1024.jpg";s:5:"sizes";a:2:{s:9:"thumbnail";a:4:{s:4:"file";s:38:"journalism-orwell-682x1024-150x150.jpg";s:5:"width";i:150;s:6:"height";i:150;s:9:"mime-type";s:10:"image/jpeg";}s:6:"medium";a:4:{s:4:"file";s:38:"journalism-orwell-682x1024-300x171.jpg";s:5:"width";i:300;s:6:"height";i:171;s:9:"mime-type";s:10:"image/jpeg";}}s:10:"image_meta";a:12:{s:8:"aperture";s:1:"0";s:6:"credit";s:0:"";s:6:"camera";s:0:"";s:7:"caption";s:0:"";s:17:"created_timestamp";s:1:"0";s:9:"copyright";s:0:"";s:12:"focal_length";s:1:"0";s:3:"iso";s:1:"0";s:13:"shutter_speed";s:1:"0";s:5:"title";s:0:"";s:11:"orientation";s:1:"0";s:8:"keywords";a:0:{}}}]]></wp:meta_value>
		</wp:postmeta>
	</item>
	<item>
		<title>SEE_1500x958</title>
		<link>http://localhost/wordpress/travelblog/see_1500x958/</link>
		<pubDate>Sat, 23 Sep 2017 18:33:14 +0000</pubDate>
		<dc:creator><![CDATA[matboe]]></dc:creator>
		<guid isPermaLink="false">http://localhost/wordpress/wp-content/uploads/2017/09/SEE_1500x958.jpg</guid>
		<description></description>
		<content:encoded><![CDATA[]]></content:encoded>
		<excerpt:encoded><![CDATA[]]></excerpt:encoded>
		<wp:post_id>76</wp:post_id>
		<wp:post_date><![CDATA[2017-09-23 18:33:14]]></wp:post_date>
		<wp:post_date_gmt><![CDATA[2017-09-23 18:33:14]]></wp:post_date_gmt>
		<wp:comment_status><![CDATA[open]]></wp:comment_status>
		<wp:ping_status><![CDATA[closed]]></wp:ping_status>
		<wp:post_name><![CDATA[see_1500x958]]></wp:post_name>
		<wp:status><![CDATA[inherit]]></wp:status>
		<wp:post_parent>75</wp:post_parent>
		<wp:menu_order>0</wp:menu_order>
		<wp:post_type><![CDATA[attachment]]></wp:post_type>
		<wp:post_password><![CDATA[]]></wp:post_password>
		<wp:is_sticky>0</wp:is_sticky>
		<wp:attachment_url><![CDATA[http://localhost/wordpress/wp-content/uploads/2017/09/SEE_1500x958.jpg]]></wp:attachment_url>
		<wp:postmeta>
			<wp:meta_key><![CDATA[_wp_attached_file]]></wp:meta_key>
			<wp:meta_value><![CDATA[2017/09/SEE_1500x958.jpg]]></wp:meta_value>
		</wp:postmeta>
		<wp:postmeta>
			<wp:meta_key><![CDATA[_wp_attachment_metadata]]></wp:meta_key>
			<wp:meta_value><![CDATA[a:5:{s:5:"width";i:1500;s:6:"height";i:958;s:4:"file";s:24:"2017/09/SEE_1500x958.jpg";s:5:"sizes";a:4:{s:9:"thumbnail";a:4:{s:4:"file";s:24:"SEE_1500x958-150x150.jpg";s:5:"width";i:150;s:6:"height";i:150;s:9:"mime-type";s:10:"image/jpeg";}s:6:"medium";a:4:{s:4:"file";s:24:"SEE_1500x958-300x192.jpg";s:5:"width";i:300;s:6:"height";i:192;s:9:"mime-type";s:10:"image/jpeg";}s:12:"medium_large";a:4:{s:4:"file";s:24:"SEE_1500x958-768x490.jpg";s:5:"width";i:768;s:6:"height";i:490;s:9:"mime-type";s:10:"image/jpeg";}s:5:"large";a:4:{s:4:"file";s:25:"SEE_1500x958-1024x654.jpg";s:5:"width";i:1024;s:6:"height";i:654;s:9:"mime-type";s:10:"image/jpeg";}}s:10:"image_meta";a:12:{s:8:"aperture";s:1:"4";s:6:"credit";s:0:"";s:6:"camera";s:10:"PENTAX K-5";s:7:"caption";s:0:"";s:17:"created_timestamp";s:1:"0";s:9:"copyright";s:0:"";s:12:"focal_length";s:1:"0";s:3:"iso";s:2:"80";s:13:"shutter_speed";s:6:"0.0025";s:5:"title";s:0:"";s:11:"orientation";s:1:"0";s:8:"keywords";a:0:{}}}]]></wp:meta_value>
		</wp:postmeta>
	</item>
	<item>
		<title>shapeimage_1</title>
		<link>http://localhost/wordpress/2017/09/24/traveldestination-1/shapeimage_1/</link>
		<pubDate>Sun, 24 Sep 2017 20:51:09 +0000</pubDate>
		<dc:creator><![CDATA[matboe]]></dc:creator>
		<guid isPermaLink="false">http://localhost/wordpress/wp-content/uploads/2017/09/shapeimage_1.png</guid>
		<description></description>
		<content:encoded><![CDATA[]]></content:encoded>
		<excerpt:encoded><![CDATA[]]></excerpt:encoded>
		<wp:post_id>87</wp:post_id>
		<wp:post_date><![CDATA[2017-09-24 20:51:09]]></wp:post_date>
		<wp:post_date_gmt><![CDATA[2017-09-24 20:51:09]]></wp:post_date_gmt>
		<wp:comment_status><![CDATA[open]]></wp:comment_status>
		<wp:ping_status><![CDATA[closed]]></wp:ping_status>
		<wp:post_name><![CDATA[shapeimage_1]]></wp:post_name>
		<wp:status><![CDATA[inherit]]></wp:status>
		<wp:post_parent>86</wp:post_parent>
		<wp:menu_order>0</wp:menu_order>
		<wp:post_type><![CDATA[attachment]]></wp:post_type>
		<wp:post_password><![CDATA[]]></wp:post_password>
		<wp:is_sticky>0</wp:is_sticky>
		<wp:attachment_url><![CDATA[http://localhost/wordpress/wp-content/uploads/2017/09/shapeimage_1.png]]></wp:attachment_url>
		<wp:postmeta>
			<wp:meta_key><![CDATA[_wp_attached_file]]></wp:meta_key>
			<wp:meta_value><![CDATA[2017/09/shapeimage_1.png]]></wp:meta_value>
		</wp:postmeta>
		<wp:postmeta>
			<wp:meta_key><![CDATA[_wp_attachment_metadata]]></wp:meta_key>
			<wp:meta_value><![CDATA[a:5:{s:5:"width";i:850;s:6:"height";i:355;s:4:"file";s:24:"2017/09/shapeimage_1.png";s:5:"sizes";a:3:{s:9:"thumbnail";a:4:{s:4:"file";s:24:"shapeimage_1-150x150.png";s:5:"width";i:150;s:6:"height";i:150;s:9:"mime-type";s:9:"image/png";}s:6:"medium";a:4:{s:4:"file";s:24:"shapeimage_1-300x125.png";s:5:"width";i:300;s:6:"height";i:125;s:9:"mime-type";s:9:"image/png";}s:12:"medium_large";a:4:{s:4:"file";s:24:"shapeimage_1-768x321.png";s:5:"width";i:768;s:6:"height";i:321;s:9:"mime-type";s:9:"image/png";}}s:10:"image_meta";a:12:{s:8:"aperture";s:1:"0";s:6:"credit";s:0:"";s:6:"camera";s:0:"";s:7:"caption";s:0:"";s:17:"created_timestamp";s:1:"0";s:9:"copyright";s:0:"";s:12:"focal_length";s:1:"0";s:3:"iso";s:1:"0";s:13:"shutter_speed";s:1:"0";s:5:"title";s:0:"";s:11:"orientation";s:1:"0";s:8:"keywords";a:0:{}}}]]></wp:meta_value>
		</wp:postmeta>
	</item>
	<item>
		<title></title>
		<link>http://localhost/wordpress/2017/09/24/91/</link>
		<pubDate>Sun, 24 Sep 2017 21:52:26 +0000</pubDate>
		<dc:creator><![CDATA[matboe]]></dc:creator>
		<guid isPermaLink="false">http://localhost/wordpress/?p=91</guid>
		<description></description>
		<content:encoded><![CDATA[ ]]></content:encoded>
		<excerpt:encoded><![CDATA[]]></excerpt:encoded>
		<wp:post_id>91</wp:post_id>
		<wp:post_date><![CDATA[2017-09-24 21:52:26]]></wp:post_date>
		<wp:post_date_gmt><![CDATA[2017-09-24 21:52:26]]></wp:post_date_gmt>
		<wp:comment_status><![CDATA[closed]]></wp:comment_status>
		<wp:ping_status><![CDATA[closed]]></wp:ping_status>
		<wp:post_name><![CDATA[91]]></wp:post_name>
		<wp:status><![CDATA[publish]]></wp:status>
		<wp:post_parent>0</wp:post_parent>
		<wp:menu_order>3</wp:menu_order>
		<wp:post_type><![CDATA[nav_menu_item]]></wp:post_type>
		<wp:post_password><![CDATA[]]></wp:post_password>
		<wp:is_sticky>0</wp:is_sticky>
		<category domain="nav_menu" nicename="travel-menu"><![CDATA[travel menu]]></category>
		<wp:postmeta>
			<wp:meta_key><![CDATA[_menu_item_type]]></wp:meta_key>
			<wp:meta_value><![CDATA[post_type]]></wp:meta_value>
		</wp:postmeta>
		<wp:postmeta>
			<wp:meta_key><![CDATA[_menu_item_menu_item_parent]]></wp:meta_key>
			<wp:meta_value><![CDATA[102]]></wp:meta_value>
		</wp:postmeta>
		<wp:postmeta>
			<wp:meta_key><![CDATA[_menu_item_object_id]]></wp:meta_key>
			<wp:meta_value><![CDATA[89]]></wp:meta_value>
		</wp:postmeta>
		<wp:postmeta>
			<wp:meta_key><![CDATA[_menu_item_object]]></wp:meta_key>
			<wp:meta_value><![CDATA[page]]></wp:meta_value>
		</wp:postmeta>
		<wp:postmeta>
			<wp:meta_key><![CDATA[_menu_item_target]]></wp:meta_key>
			<wp:meta_value><![CDATA[]]></wp:meta_value>
		</wp:postmeta>
		<wp:postmeta>
			<wp:meta_key><![CDATA[_menu_item_classes]]></wp:meta_key>
			<wp:meta_value><![CDATA[a:1:{i:0;s:0:"";}]]></wp:meta_value>
		</wp:postmeta>
		<wp:postmeta>
			<wp:meta_key><![CDATA[_menu_item_xfn]]></wp:meta_key>
			<wp:meta_value><![CDATA[]]></wp:meta_value>
		</wp:postmeta>
		<wp:postmeta>
			<wp:meta_key><![CDATA[_menu_item_url]]></wp:meta_key>
			<wp:meta_value><![CDATA[]]></wp:meta_value>
		</wp:postmeta>
	</item>
	<item>
		<title></title>
		<link>http://localhost/wordpress/2017/09/24/92/</link>
		<pubDate>Sun, 24 Sep 2017 21:52:26 +0000</pubDate>
		<dc:creator><![CDATA[matboe]]></dc:creator>
		<guid isPermaLink="false">http://localhost/wordpress/?p=92</guid>
		<description></description>
		<content:encoded><![CDATA[ ]]></content:encoded>
		<excerpt:encoded><![CDATA[]]></excerpt:encoded>
		<wp:post_id>92</wp:post_id>
		<wp:post_date><![CDATA[2017-09-24 21:52:26]]></wp:post_date>
		<wp:post_date_gmt><![CDATA[2017-09-24 21:52:26]]></wp:post_date_gmt>
		<wp:comment_status><![CDATA[closed]]></wp:comment_status>
		<wp:ping_status><![CDATA[closed]]></wp:ping_status>
		<wp:post_name><![CDATA[92]]></wp:post_name>
		<wp:status><![CDATA[publish]]></wp:status>
		<wp:post_parent>0</wp:post_parent>
		<wp:menu_order>1</wp:menu_order>
		<wp:post_type><![CDATA[nav_menu_item]]></wp:post_type>
		<wp:post_password><![CDATA[]]></wp:post_password>
		<wp:is_sticky>0</wp:is_sticky>
		<category domain="nav_menu" nicename="travel-menu"><![CDATA[travel menu]]></category>
		<wp:postmeta>
			<wp:meta_key><![CDATA[_menu_item_type]]></wp:meta_key>
			<wp:meta_value><![CDATA[post_type]]></wp:meta_value>
		</wp:postmeta>
		<wp:postmeta>
			<wp:meta_key><![CDATA[_menu_item_menu_item_parent]]></wp:meta_key>
			<wp:meta_value><![CDATA[0]]></wp:meta_value>
		</wp:postmeta>
		<wp:postmeta>
			<wp:meta_key><![CDATA[_menu_item_object_id]]></wp:meta_key>
			<wp:meta_value><![CDATA[75]]></wp:meta_value>
		</wp:postmeta>
		<wp:postmeta>
			<wp:meta_key><![CDATA[_menu_item_object]]></wp:meta_key>
			<wp:meta_value><![CDATA[page]]></wp:meta_value>
		</wp:postmeta>
		<wp:postmeta>
			<wp:meta_key><![CDATA[_menu_item_target]]></wp:meta_key>
			<wp:meta_value><![CDATA[]]></wp:meta_value>
		</wp:postmeta>
		<wp:postmeta>
			<wp:meta_key><![CDATA[_menu_item_classes]]></wp:meta_key>
			<wp:meta_value><![CDATA[a:1:{i:0;s:0:"";}]]></wp:meta_value>
		</wp:postmeta>
		<wp:postmeta>
			<wp:meta_key><![CDATA[_menu_item_xfn]]></wp:meta_key>
			<wp:meta_value><![CDATA[]]></wp:meta_value>
		</wp:postmeta>
		<wp:postmeta>
			<wp:meta_key><![CDATA[_menu_item_url]]></wp:meta_key>
			<wp:meta_value><![CDATA[]]></wp:meta_value>
		</wp:postmeta>
	</item>
	<item>
		<title></title>
		<link>http://localhost/wordpress/?p=99</link>
		<pubDate>Thu, 01 Jan 1970 00:00:00 +0000</pubDate>
		<dc:creator><![CDATA[matboe]]></dc:creator>
		<guid isPermaLink="false">http://localhost/wordpress/?p=99</guid>
		<description></description>
		<content:encoded><![CDATA[ ]]></content:encoded>
		<excerpt:encoded><![CDATA[]]></excerpt:encoded>
		<wp:post_id>99</wp:post_id>
		<wp:post_date><![CDATA[2017-09-24 21:58:45]]></wp:post_date>
		<wp:post_date_gmt><![CDATA[0000-00-00 00:00:00]]></wp:post_date_gmt>
		<wp:comment_status><![CDATA[closed]]></wp:comment_status>
		<wp:ping_status><![CDATA[closed]]></wp:ping_status>
		<wp:post_name><![CDATA[]]></wp:post_name>
		<wp:status><![CDATA[draft]]></wp:status>
		<wp:post_parent>0</wp:post_parent>
		<wp:menu_order>1</wp:menu_order>
		<wp:post_type><![CDATA[nav_menu_item]]></wp:post_type>
		<wp:post_password><![CDATA[]]></wp:post_password>
		<wp:is_sticky>0</wp:is_sticky>
		<wp:postmeta>
			<wp:meta_key><![CDATA[_menu_item_type]]></wp:meta_key>
			<wp:meta_value><![CDATA[post_type]]></wp:meta_value>
		</wp:postmeta>
		<wp:postmeta>
			<wp:meta_key><![CDATA[_menu_item_menu_item_parent]]></wp:meta_key>
			<wp:meta_value><![CDATA[0]]></wp:meta_value>
		</wp:postmeta>
		<wp:postmeta>
			<wp:meta_key><![CDATA[_menu_item_object_id]]></wp:meta_key>
			<wp:meta_value><![CDATA[97]]></wp:meta_value>
		</wp:postmeta>
		<wp:postmeta>
			<wp:meta_key><![CDATA[_menu_item_object]]></wp:meta_key>
			<wp:meta_value><![CDATA[page]]></wp:meta_value>
		</wp:postmeta>
		<wp:postmeta>
			<wp:meta_key><![CDATA[_menu_item_target]]></wp:meta_key>
			<wp:meta_value><![CDATA[]]></wp:meta_value>
		</wp:postmeta>
		<wp:postmeta>
			<wp:meta_key><![CDATA[_menu_item_classes]]></wp:meta_key>
			<wp:meta_value><![CDATA[a:1:{i:0;s:0:"";}]]></wp:meta_value>
		</wp:postmeta>
		<wp:postmeta>
			<wp:meta_key><![CDATA[_menu_item_xfn]]></wp:meta_key>
			<wp:meta_value><![CDATA[]]></wp:meta_value>
		</wp:postmeta>
		<wp:postmeta>
			<wp:meta_key><![CDATA[_menu_item_url]]></wp:meta_key>
			<wp:meta_value><![CDATA[]]></wp:meta_value>
		</wp:postmeta>
		<wp:postmeta>
			<wp:meta_key><![CDATA[_menu_item_orphaned]]></wp:meta_key>
			<wp:meta_value><![CDATA[1506290325]]></wp:meta_value>
		</wp:postmeta>
	</item>
	<item>
		<title></title>
		<link>http://localhost/wordpress/?p=100</link>
		<pubDate>Thu, 01 Jan 1970 00:00:00 +0000</pubDate>
		<dc:creator><![CDATA[matboe]]></dc:creator>
		<guid isPermaLink="false">http://localhost/wordpress/?p=100</guid>
		<description></description>
		<content:encoded><![CDATA[ ]]></content:encoded>
		<excerpt:encoded><![CDATA[]]></excerpt:encoded>
		<wp:post_id>100</wp:post_id>
		<wp:post_date><![CDATA[2017-09-24 21:58:45]]></wp:post_date>
		<wp:post_date_gmt><![CDATA[0000-00-00 00:00:00]]></wp:post_date_gmt>
		<wp:comment_status><![CDATA[closed]]></wp:comment_status>
		<wp:ping_status><![CDATA[closed]]></wp:ping_status>
		<wp:post_name><![CDATA[]]></wp:post_name>
		<wp:status><![CDATA[draft]]></wp:status>
		<wp:post_parent>0</wp:post_parent>
		<wp:menu_order>1</wp:menu_order>
		<wp:post_type><![CDATA[nav_menu_item]]></wp:post_type>
		<wp:post_password><![CDATA[]]></wp:post_password>
		<wp:is_sticky>0</wp:is_sticky>
		<wp:postmeta>
			<wp:meta_key><![CDATA[_menu_item_type]]></wp:meta_key>
			<wp:meta_value><![CDATA[post_type]]></wp:meta_value>
		</wp:postmeta>
		<wp:postmeta>
			<wp:meta_key><![CDATA[_menu_item_menu_item_parent]]></wp:meta_key>
			<wp:meta_value><![CDATA[0]]></wp:meta_value>
		</wp:postmeta>
		<wp:postmeta>
			<wp:meta_key><![CDATA[_menu_item_object_id]]></wp:meta_key>
			<wp:meta_value><![CDATA[89]]></wp:meta_value>
		</wp:postmeta>
		<wp:postmeta>
			<wp:meta_key><![CDATA[_menu_item_object]]></wp:meta_key>
			<wp:meta_value><![CDATA[page]]></wp:meta_value>
		</wp:postmeta>
		<wp:postmeta>
			<wp:meta_key><![CDATA[_menu_item_target]]></wp:meta_key>
			<wp:meta_value><![CDATA[]]></wp:meta_value>
		</wp:postmeta>
		<wp:postmeta>
			<wp:meta_key><![CDATA[_menu_item_classes]]></wp:meta_key>
			<wp:meta_value><![CDATA[a:1:{i:0;s:0:"";}]]></wp:meta_value>
		</wp:postmeta>
		<wp:postmeta>
			<wp:meta_key><![CDATA[_menu_item_xfn]]></wp:meta_key>
			<wp:meta_value><![CDATA[]]></wp:meta_value>
		</wp:postmeta>
		<wp:postmeta>
			<wp:meta_key><![CDATA[_menu_item_url]]></wp:meta_key>
			<wp:meta_value><![CDATA[]]></wp:meta_value>
		</wp:postmeta>
		<wp:postmeta>
			<wp:meta_key><![CDATA[_menu_item_orphaned]]></wp:meta_key>
			<wp:meta_value><![CDATA[1506290326]]></wp:meta_value>
		</wp:postmeta>
	</item>
	<item>
		<title></title>
		<link>http://localhost/wordpress/?p=101</link>
		<pubDate>Thu, 01 Jan 1970 00:00:00 +0000</pubDate>
		<dc:creator><![CDATA[matboe]]></dc:creator>
		<guid isPermaLink="false">http://localhost/wordpress/?p=101</guid>
		<description></description>
		<content:encoded><![CDATA[ ]]></content:encoded>
		<excerpt:encoded><![CDATA[]]></excerpt:encoded>
		<wp:post_id>101</wp:post_id>
		<wp:post_date><![CDATA[2017-09-24 21:58:46]]></wp:post_date>
		<wp:post_date_gmt><![CDATA[0000-00-00 00:00:00]]></wp:post_date_gmt>
		<wp:comment_status><![CDATA[closed]]></wp:comment_status>
		<wp:ping_status><![CDATA[closed]]></wp:ping_status>
		<wp:post_name><![CDATA[]]></wp:post_name>
		<wp:status><![CDATA[draft]]></wp:status>
		<wp:post_parent>0</wp:post_parent>
		<wp:menu_order>1</wp:menu_order>
		<wp:post_type><![CDATA[nav_menu_item]]></wp:post_type>
		<wp:post_password><![CDATA[]]></wp:post_password>
		<wp:is_sticky>0</wp:is_sticky>
		<wp:postmeta>
			<wp:meta_key><![CDATA[_menu_item_type]]></wp:meta_key>
			<wp:meta_value><![CDATA[post_type]]></wp:meta_value>
		</wp:postmeta>
		<wp:postmeta>
			<wp:meta_key><![CDATA[_menu_item_menu_item_parent]]></wp:meta_key>
			<wp:meta_value><![CDATA[0]]></wp:meta_value>
		</wp:postmeta>
		<wp:postmeta>
			<wp:meta_key><![CDATA[_menu_item_object_id]]></wp:meta_key>
			<wp:meta_value><![CDATA[75]]></wp:meta_value>
		</wp:postmeta>
		<wp:postmeta>
			<wp:meta_key><![CDATA[_menu_item_object]]></wp:meta_key>
			<wp:meta_value><![CDATA[page]]></wp:meta_value>
		</wp:postmeta>
		<wp:postmeta>
			<wp:meta_key><![CDATA[_menu_item_target]]></wp:meta_key>
			<wp:meta_value><![CDATA[]]></wp:meta_value>
		</wp:postmeta>
		<wp:postmeta>
			<wp:meta_key><![CDATA[_menu_item_classes]]></wp:meta_key>
			<wp:meta_value><![CDATA[a:1:{i:0;s:0:"";}]]></wp:meta_value>
		</wp:postmeta>
		<wp:postmeta>
			<wp:meta_key><![CDATA[_menu_item_xfn]]></wp:meta_key>
			<wp:meta_value><![CDATA[]]></wp:meta_value>
		</wp:postmeta>
		<wp:postmeta>
			<wp:meta_key><![CDATA[_menu_item_url]]></wp:meta_key>
			<wp:meta_value><![CDATA[]]></wp:meta_value>
		</wp:postmeta>
		<wp:postmeta>
			<wp:meta_key><![CDATA[_menu_item_orphaned]]></wp:meta_key>
			<wp:meta_value><![CDATA[1506290326]]></wp:meta_value>
		</wp:postmeta>
	</item>
	<item>
		<title>travelblog</title>
		<link>http://localhost/wordpress/travelblog/</link>
		<pubDate>Sat, 23 Sep 2017 18:38:56 +0000</pubDate>
		<dc:creator><![CDATA[matboe]]></dc:creator>
		<guid isPermaLink="false">http://localhost/wordpress/?page_id=75</guid>
		<description></description>
		<content:encoded><![CDATA[<div id="pl-75"  class="panel-layout" ><div id="pg-75-0"  class="panel-grid panel-no-style" ><div id="pgc-75-0-0"  class="panel-grid-cell"  data-weight="1" ></div></div><div id="pg-75-1"  class="panel-grid panel-has-style"  data-style="{&quot;background_image_attachment&quot;:&quot;76&quot;,&quot;background_display&quot;:&quot;parallax-original&quot;,&quot;cell_class&quot;:&quot;blogposts&quot;,&quot;cell_alignment&quot;:&quot;flex-start&quot;}" ><div data-siteorigin-parallax="{&quot;backgroundUrl&quot;:&quot;http:\/\/localhost\/wordpress\/wp-content\/uploads\/2017\/09\/SEE_1500x958.jpg&quot;,&quot;backgroundSize&quot;:[1500,958],&quot;backgroundSizing&quot;:&quot;original&quot;,&quot;limitMotion&quot;:&quot;auto&quot;}" class="panel-row-style panel-row-style-for-75-1" ><div id="pgc-75-1-0"  class="panel-grid-cell"  data-weight="0.5" ><div class="blogposts panel-cell-style panel-cell-style-for-75-1-0" ></div></div><div id="pgc-75-1-1"  class="panel-grid-cell"  data-weight="0.5" ><div class="blogposts panel-cell-style panel-cell-style-for-75-1-1" ></div></div></div></div><div id="pg-75-2"  class="panel-grid panel-has-style"  data-style="{&quot;background_image_attachment&quot;:&quot;76&quot;,&quot;background_display&quot;:&quot;parallax-original&quot;,&quot;cell_class&quot;:&quot;blogposts&quot;,&quot;cell_alignment&quot;:&quot;flex-start&quot;}" ><div data-siteorigin-parallax="{&quot;backgroundUrl&quot;:&quot;http:\/\/localhost\/wordpress\/wp-content\/uploads\/2017\/09\/SEE_1500x958.jpg&quot;,&quot;backgroundSize&quot;:[1500,958],&quot;backgroundSizing&quot;:&quot;original&quot;,&quot;limitMotion&quot;:&quot;auto&quot;}" class="panel-row-style panel-row-style-for-75-2" ><div id="pgc-75-2-0"  class="panel-grid-cell panel-grid-cell-empty panel-grid-cell-mobile-last"  data-weight="0.5" ><div class="blogposts panel-cell-style panel-cell-style-for-75-2-0" ></div></div><div id="pgc-75-2-1"  class="panel-grid-cell panel-grid-cell-empty"  data-weight="0.5" ><div class="blogposts panel-cell-style panel-cell-style-for-75-2-1" ></div></div></div></div><div id="pg-75-3"  class="panel-grid panel-has-style"  data-style="{&quot;background_image_attachment&quot;:&quot;76&quot;,&quot;background_display&quot;:&quot;parallax-original&quot;,&quot;cell_class&quot;:&quot;blogposts&quot;,&quot;cell_alignment&quot;:&quot;flex-start&quot;}" ><div data-siteorigin-parallax="{&quot;backgroundUrl&quot;:&quot;http:\/\/localhost\/wordpress\/wp-content\/uploads\/2017\/09\/SEE_1500x958.jpg&quot;,&quot;backgroundSize&quot;:[1500,958],&quot;backgroundSizing&quot;:&quot;original&quot;,&quot;limitMotion&quot;:&quot;auto&quot;}" class="panel-row-style panel-row-style-for-75-3" ><div id="pgc-75-3-0"  class="panel-grid-cell panel-grid-cell-empty panel-grid-cell-mobile-last"  data-weight="0.5" ><div class="blogposts panel-cell-style panel-cell-style-for-75-3-0" ></div></div><div id="pgc-75-3-1"  class="panel-grid-cell panel-grid-cell-empty"  data-weight="0.5" ><div class="blogposts panel-cell-style panel-cell-style-for-75-3-1" ></div></div></div></div><div id="pg-75-4"  class="panel-grid panel-has-style"  data-style="{&quot;background_image_attachment&quot;:&quot;76&quot;,&quot;background_display&quot;:&quot;parallax-original&quot;,&quot;cell_class&quot;:&quot;blogposts&quot;,&quot;cell_alignment&quot;:&quot;flex-start&quot;}" ><div data-siteorigin-parallax="{&quot;backgroundUrl&quot;:&quot;http:\/\/localhost\/wordpress\/wp-content\/uploads\/2017\/09\/SEE_1500x958.jpg&quot;,&quot;backgroundSize&quot;:[1500,958],&quot;backgroundSizing&quot;:&quot;original&quot;,&quot;limitMotion&quot;:&quot;auto&quot;}" class="panel-row-style panel-row-style-for-75-4" ><div id="pgc-75-4-0"  class="panel-grid-cell panel-grid-cell-empty panel-grid-cell-mobile-last"  data-weight="0.5" ><div class="blogposts panel-cell-style panel-cell-style-for-75-4-0" ></div></div><div id="pgc-75-4-1"  class="panel-grid-cell panel-grid-cell-empty"  data-weight="0.5" ><div class="blogposts panel-cell-style panel-cell-style-for-75-4-1" ></div></div></div></div></div>]]></content:encoded>
		<excerpt:encoded><![CDATA[]]></excerpt:encoded>
		<wp:post_id>75</wp:post_id>
		<wp:post_date><![CDATA[2017-09-23 18:38:56]]></wp:post_date>
		<wp:post_date_gmt><![CDATA[2017-09-23 18:38:56]]></wp:post_date_gmt>
		<wp:comment_status><![CDATA[closed]]></wp:comment_status>
		<wp:ping_status><![CDATA[closed]]></wp:ping_status>
		<wp:post_name><![CDATA[travelblog]]></wp:post_name>
		<wp:status><![CDATA[publish]]></wp:status>
		<wp:post_parent>0</wp:post_parent>
		<wp:menu_order>0</wp:menu_order>
		<wp:post_type><![CDATA[page]]></wp:post_type>
		<wp:post_password><![CDATA[]]></wp:post_password>
		<wp:is_sticky>0</wp:is_sticky>
		<wp:postmeta>
			<wp:meta_key><![CDATA[_edit_last]]></wp:meta_key>
			<wp:meta_value><![CDATA[1]]></wp:meta_value>
		</wp:postmeta>
		<wp:postmeta>
			<wp:meta_key><![CDATA[panels_data]]></wp:meta_key>
			<wp:meta_value><![CDATA[a:3:{s:7:"widgets";a:3:{i:0;a:3:{s:11:"panels_data";a:0:{}s:10:"builder_id";s:13:"59c6a963bd114";s:11:"panels_info";a:7:{s:5:"class";s:32:"SiteOrigin_Panels_Widgets_Layout";s:3:"raw";b:0;s:4:"grid";i:0;s:4:"cell";i:0;s:2:"id";i:0;s:9:"widget_id";s:36:"6efddee4-6df6-492b-912f-c766f73c6cba";s:5:"style";a:1:{s:18:"background_display";s:4:"tile";}}}i:1;a:2:{s:4:"type";s:0:"";s:11:"panels_info";a:6:{s:5:"class";s:37:"SiteOrigin_Panels_Widgets_PostContent";s:4:"grid";i:1;s:4:"cell";i:0;s:2:"id";i:1;s:9:"widget_id";s:36:"1ed0d869-7858-4e75-93fa-f42832142874";s:5:"style";a:2:{s:27:"background_image_attachment";b:0;s:18:"background_display";s:4:"tile";}}}i:2;a:2:{s:4:"type";s:5:"title";s:11:"panels_info";a:6:{s:5:"class";s:37:"SiteOrigin_Panels_Widgets_PostContent";s:4:"grid";i:1;s:4:"cell";i:1;s:2:"id";i:2;s:9:"widget_id";s:36:"14d27d6d-c75c-4728-8263-e4bd9492e0bb";s:5:"style";a:3:{s:10:"background";s:7:"#67B3AF";s:27:"background_image_attachment";b:0;s:18:"background_display";s:4:"tile";}}}}s:5:"grids";a:5:{i:0;a:2:{s:5:"cells";i:1;s:5:"style";a:0:{}}i:1;a:2:{s:5:"cells";i:2;s:5:"style";a:4:{s:27:"background_image_attachment";s:2:"76";s:18:"background_display";s:17:"parallax-original";s:10:"cell_class";s:9:"blogposts";s:14:"cell_alignment";s:10:"flex-start";}}i:2;a:2:{s:5:"cells";i:2;s:5:"style";a:4:{s:27:"background_image_attachment";s:2:"76";s:18:"background_display";s:17:"parallax-original";s:10:"cell_class";s:9:"blogposts";s:14:"cell_alignment";s:10:"flex-start";}}i:3;a:2:{s:5:"cells";i:2;s:5:"style";a:4:{s:27:"background_image_attachment";s:2:"76";s:18:"background_display";s:17:"parallax-original";s:10:"cell_class";s:9:"blogposts";s:14:"cell_alignment";s:10:"flex-start";}}i:4;a:2:{s:5:"cells";i:2;s:5:"style";a:4:{s:27:"background_image_attachment";s:2:"76";s:18:"background_display";s:17:"parallax-original";s:10:"cell_class";s:9:"blogposts";s:14:"cell_alignment";s:10:"flex-start";}}}s:10:"grid_cells";a:9:{i:0;a:4:{s:4:"grid";i:0;s:5:"index";i:0;s:6:"weight";i:1;s:5:"style";a:0:{}}i:1;a:4:{s:4:"grid";i:1;s:5:"index";i:0;s:6:"weight";d:0.5;s:5:"style";a:0:{}}i:2;a:4:{s:4:"grid";i:1;s:5:"index";i:1;s:6:"weight";d:0.5;s:5:"style";a:0:{}}i:3;a:4:{s:4:"grid";i:2;s:5:"index";i:0;s:6:"weight";d:0.5;s:5:"style";a:0:{}}i:4;a:4:{s:4:"grid";i:2;s:5:"index";i:1;s:6:"weight";d:0.5;s:5:"style";a:0:{}}i:5;a:4:{s:4:"grid";i:3;s:5:"index";i:0;s:6:"weight";d:0.5;s:5:"style";a:0:{}}i:6;a:4:{s:4:"grid";i:3;s:5:"index";i:1;s:6:"weight";d:0.5;s:5:"style";a:0:{}}i:7;a:4:{s:4:"grid";i:4;s:5:"index";i:0;s:6:"weight";d:0.5;s:5:"style";a:0:{}}i:8;a:4:{s:4:"grid";i:4;s:5:"index";i:1;s:6:"weight";d:0.5;s:5:"style";a:0:{}}}}]]></wp:meta_value>
		</wp:postmeta>
	</item>
	<item>
		<title>traveldestination 1</title>
		<link>http://localhost/wordpress/2017/09/24/traveldestination-1/</link>
		<pubDate>Sun, 24 Sep 2017 20:51:40 +0000</pubDate>
		<dc:creator><![CDATA[matboe]]></dc:creator>
		<guid isPermaLink="false">http://localhost/wordpress/?p=86</guid>
		<description></description>
		<content:encoded><![CDATA[<img class="alignnone size-medium wp-image-87" src="http://localhost/wordpress/wp-content/uploads/2017/09/shapeimage_1-300x125.png" alt="" width="300" height="125" />
Lorem ipsum dolor sit amet, consectetur adipiscing elit. Sed accumsan, metus non sodales sollicitudin, dui nibh tristique ex, venenatis ultricies eros diam nec enim. Praesent quis cursus magna. Nunc ac diam mattis, semper nunc eu, tempor magna. Maecenas ac convallis felis. Aenean ut velit facilisis, vulputate velit at, placerat nulla. Aliquam quis vestibulum dui. Praesent iaculis quis mi mattis aliquam. Integer tristique massa eros, et accumsan metus ultricies ut. Integer ac iaculis turpis. Donec facilisis justo sed metus consectetur malesuada.

Proin non sodales ante. Orci varius natoque penatibus et magnis dis parturient montes, nascetur ridiculus mus. Sed condimentum elit nec massa hendrerit, eu tincidunt turpis pretium. Morbi tempor porta luctus. Suspendisse ut urna et ipsum bibendum varius. Maecenas rhoncus porttitor odio, sed scelerisque mauris malesuada eu. Maecenas ac hendrerit mauris. Suspendisse potenti. Proin tempus orci non velit pharetra mollis. Morbi faucibus metus vitae lacinia pulvinar.

Quisque cursus at nulla non elementum. Phasellus ut est vestibulum, volutpat mi in, efficitur purus. Quisque ullamcorper tristique orci non rhoncus. Pellentesque habitant morbi tristique senectus et netus et malesuada fames ac turpis egestas. Mauris sit amet consequat erat. Donec elit ante, feugiat porta varius vel, malesuada sit amet dolor. Ut non nibh leo. Orci varius natoque penatibus et magnis dis parturient montes, nascetur ridiculus mus. Phasellus iaculis mauris sed nisi dapibus fringilla. Phasellus porttitor lectus nec mauris viverra consectetur. Proin imperdiet dolor bibendum, bibendum enim nec, gravida diam. Curabitur et ipsum diam.

Donec elit nisl, maximus a nisl non, ornare dapibus libero. Morbi dignissim, velit sit amet consectetur consectetur, lacus enim placerat magna, fringilla sollicitudin nibh eros quis ligula. Sed ipsum leo, accumsan et sagittis in, ullamcorper vitae tortor. In tristique ac urna at maximus. Nunc hendrerit turpis a libero egestas semper. Quisque sodales pulvinar dui, vel rutrum quam facilisis in. Ut urna orci, varius bibendum rutrum at, hendrerit et enim. Fusce ullamcorper diam risus, a congue turpis pretium eu. Integer nec varius libero, vel lacinia nisi.

In ac velit nec elit cursus porttitor vel non nisl. Praesent sagittis, ipsum ac viverra imperdiet, dolor neque ornare ipsum, ac vulputate velit urna fermentum dui. Cras felis neque, vestibulum vel scelerisque quis, hendrerit sit amet dolor. Ut porttitor felis quis libero molestie, eu placerat neque imperdiet. Sed pretium nisi sed molestie aliquet. Etiam auctor non lorem non pellentesque. Nunc libero elit, pellentesque sit amet interdum sit amet, lacinia in odio. Duis venenatis, orci at vehicula feugiat, nunc diam vehicula lorem, eget condimentum libero odio eget tortor. Praesent imperdiet mi ac lorem pharetra ornare.]]></content:encoded>
		<excerpt:encoded><![CDATA[]]></excerpt:encoded>
		<wp:post_id>86</wp:post_id>
		<wp:post_date><![CDATA[2017-09-24 20:51:40]]></wp:post_date>
		<wp:post_date_gmt><![CDATA[2017-09-24 20:51:40]]></wp:post_date_gmt>
		<wp:comment_status><![CDATA[open]]></wp:comment_status>
		<wp:ping_status><![CDATA[open]]></wp:ping_status>
		<wp:post_name><![CDATA[traveldestination-1]]></wp:post_name>
		<wp:status><![CDATA[publish]]></wp:status>
		<wp:post_parent>0</wp:post_parent>
		<wp:menu_order>0</wp:menu_order>
		<wp:post_type><![CDATA[post]]></wp:post_type>
		<wp:post_password><![CDATA[]]></wp:post_password>
		<wp:is_sticky>0</wp:is_sticky>
		<category domain="category" nicename="travel"><![CDATA[travel]]></category>
		<wp:postmeta>
			<wp:meta_key><![CDATA[_edit_last]]></wp:meta_key>
			<wp:meta_value><![CDATA[1]]></wp:meta_value>
		</wp:postmeta>
	</item>
	<item>
		<title>contact</title>
		<link>http://localhost/wordpress/contact/</link>
		<pubDate>Sun, 24 Sep 2017 21:48:29 +0000</pubDate>
		<dc:creator><![CDATA[matboe]]></dc:creator>
		<guid isPermaLink="false">http://localhost/wordpress/?page_id=89</guid>
		<description></description>
		<content:encoded><![CDATA[here you can contact us]]></content:encoded>
		<excerpt:encoded><![CDATA[]]></excerpt:encoded>
		<wp:post_id>89</wp:post_id>
		<wp:post_date><![CDATA[2017-09-24 21:48:29]]></wp:post_date>
		<wp:post_date_gmt><![CDATA[2017-09-24 21:48:29]]></wp:post_date_gmt>
		<wp:comment_status><![CDATA[closed]]></wp:comment_status>
		<wp:ping_status><![CDATA[closed]]></wp:ping_status>
		<wp:post_name><![CDATA[contact]]></wp:post_name>
		<wp:status><![CDATA[publish]]></wp:status>
		<wp:post_parent>0</wp:post_parent>
		<wp:menu_order>0</wp:menu_order>
		<wp:post_type><![CDATA[page]]></wp:post_type>
		<wp:post_password><![CDATA[]]></wp:post_password>
		<wp:is_sticky>0</wp:is_sticky>
		<wp:postmeta>
			<wp:meta_key><![CDATA[_edit_last]]></wp:meta_key>
			<wp:meta_value><![CDATA[1]]></wp:meta_value>
		</wp:postmeta>
		<wp:postmeta>
			<wp:meta_key><![CDATA[_wp_page_template]]></wp:meta_key>
			<wp:meta_value><![CDATA[default]]></wp:meta_value>
		</wp:postmeta>
	</item>
	<item>
		<title>about us</title>
		<link>http://localhost/wordpress/?p=93</link>
		<pubDate>Thu, 01 Jan 1970 00:00:00 +0000</pubDate>
		<dc:creator><![CDATA[matboe]]></dc:creator>
		<guid isPermaLink="false">http://localhost/wordpress/?p=93</guid>
		<description></description>
		<content:encoded><![CDATA[Lorem ipsum dolor sit amet, consectetur adipiscing elit. Sed accumsan, metus non sodales sollicitudin, dui nibh tristique ex, venenatis ultricies eros diam nec enim. Praesent quis cursus magna. Nunc ac diam mattis, semper nunc eu, tempor magna. Maecenas ac convallis felis. Aenean ut velit facilisis, vulputate velit at, placerat nulla. Aliquam quis vestibulum dui. Praesent iaculis quis mi mattis aliquam. Integer tristique massa eros, et accumsan metus ultricies ut. Integer ac iaculis turpis. Donec facilisis justo sed metus consectetur malesuada.

Proin non sodales ante. Orci varius natoque penatibus et magnis dis parturient montes, nascetur ridiculus mus. Sed condimentum elit nec massa hendrerit, eu tincidunt turpis pretium. Morbi tempor porta luctus. Suspendisse ut urna et ipsum bibendum varius. Maecenas rhoncus porttitor odio, sed scelerisque mauris malesuada eu. Maecenas ac hendrerit mauris. Suspendisse potenti. Proin tempus orci non velit pharetra mollis. Morbi faucibus metus vitae lacinia pulvinar.

Quisque cursus at nulla non elementum. Phasellus ut est vestibulum, volutpat mi in, efficitur purus. Quisque ullamcorper tristique orci non rhoncus. Pellentesque habitant morbi tristique senectus et netus et malesuada fames ac turpis egestas. Mauris sit amet consequat erat. Donec elit ante, feugiat porta varius vel, malesuada sit amet dolor. Ut non nibh leo. Orci varius natoque penatibus et magnis dis parturient montes, nascetur ridiculus mus. Phasellus iaculis mauris sed nisi dapibus fringilla. Phasellus porttitor lectus nec mauris viverra consectetur. Proin imperdiet dolor bibendum, bibendum enim nec, gravida diam. Curabitur et ipsum diam.

Donec elit nisl, maximus a nisl non, ornare dapibus libero. Morbi dignissim, velit sit amet consectetur consectetur, lacus enim placerat magna, fringilla sollicitudin nibh eros quis ligula. Sed ipsum leo, accumsan et sagittis in, ullamcorper vitae tortor. In tristique ac urna at maximus. Nunc hendrerit turpis a libero egestas semper. Quisque sodales pulvinar dui, vel rutrum quam facilisis in. Ut urna orci, varius bibendum rutrum at, hendrerit et enim. Fusce ullamcorper diam risus, a congue turpis pretium eu. Integer nec varius libero, vel lacinia nisi.

In ac velit nec elit cursus porttitor vel non nisl. Praesent sagittis, ipsum ac viverra imperdiet, dolor neque ornare ipsum, ac vulputate velit urna fermentum dui. Cras felis neque, vestibulum vel scelerisque quis, hendrerit sit amet dolor. Ut porttitor felis quis libero molestie, eu placerat neque imperdiet. Sed pretium nisi sed molestie aliquet. Etiam auctor non lorem non pellentesque. Nunc libero elit, pellentesque sit amet interdum sit amet, lacinia in odio. Duis venenatis, orci at vehicula feugiat, nunc diam vehicula lorem, eget condimentum libero odio eget tortor. Praesent imperdiet mi ac lorem pharetra ornare.]]></content:encoded>
		<excerpt:encoded><![CDATA[]]></excerpt:encoded>
		<wp:post_id>93</wp:post_id>
		<wp:post_date><![CDATA[2017-09-24 21:53:47]]></wp:post_date>
		<wp:post_date_gmt><![CDATA[0000-00-00 00:00:00]]></wp:post_date_gmt>
		<wp:comment_status><![CDATA[open]]></wp:comment_status>
		<wp:ping_status><![CDATA[open]]></wp:ping_status>
		<wp:post_name><![CDATA[]]></wp:post_name>
		<wp:status><![CDATA[draft]]></wp:status>
		<wp:post_parent>0</wp:post_parent>
		<wp:menu_order>0</wp:menu_order>
		<wp:post_type><![CDATA[post]]></wp:post_type>
		<wp:post_password><![CDATA[]]></wp:post_password>
		<wp:is_sticky>0</wp:is_sticky>
		<category domain="category" nicename="uncategorized"><![CDATA[Uncategorized]]></category>
		<wp:postmeta>
			<wp:meta_key><![CDATA[_edit_last]]></wp:meta_key>
			<wp:meta_value><![CDATA[1]]></wp:meta_value>
		</wp:postmeta>
	</item>
	<item>
		<title>about me</title>
		<link>http://localhost/wordpress/2017/09/24/94/</link>
		<pubDate>Sun, 24 Sep 2017 21:55:49 +0000</pubDate>
		<dc:creator><![CDATA[matboe]]></dc:creator>
		<guid isPermaLink="false">http://localhost/wordpress/?p=94</guid>
		<description></description>
		<content:encoded><![CDATA[Lorem ipsum dolor sit amet, consectetur adipiscing elit. Sed accumsan, metus non sodales sollicitudin, dui nibh tristique ex, venenatis ultricies eros diam nec enim. Praesent quis cursus magna. Nunc ac diam mattis, semper nunc eu, tempor magna. Maecenas ac convallis felis. Aenean ut velit facilisis, vulputate velit at, placerat nulla. Aliquam quis vestibulum dui. Praesent iaculis quis mi mattis aliquam. Integer tristique massa eros, et accumsan metus ultricies ut. Integer ac iaculis turpis. Donec facilisis justo sed metus consectetur malesuada.

Proin non sodales ante. Orci varius natoque penatibus et magnis dis parturient montes, nascetur ridiculus mus. Sed condimentum elit nec massa hendrerit, eu tincidunt turpis pretium. Morbi tempor porta luctus. Suspendisse ut urna et ipsum bibendum varius. Maecenas rhoncus porttitor odio, sed scelerisque mauris malesuada eu. Maecenas ac hendrerit mauris. Suspendisse potenti. Proin tempus orci non velit pharetra mollis. Morbi faucibus metus vitae lacinia pulvinar.

Quisque cursus at nulla non elementum. Phasellus ut est vestibulum, volutpat mi in, efficitur purus. Quisque ullamcorper tristique orci non rhoncus. Pellentesque habitant morbi tristique senectus et netus et malesuada fames ac turpis egestas. Mauris sit amet consequat erat. Donec elit ante, feugiat porta varius vel, malesuada sit amet dolor. Ut non nibh leo. Orci varius natoque penatibus et magnis dis parturient montes, nascetur ridiculus mus. Phasellus iaculis mauris sed nisi dapibus fringilla. Phasellus porttitor lectus nec mauris viverra consectetur. Proin imperdiet dolor bibendum, bibendum enim nec, gravida diam. Curabitur et ipsum diam.

Donec elit nisl, maximus a nisl non, ornare dapibus libero. Morbi dignissim, velit sit amet consectetur consectetur, lacus enim placerat magna, fringilla sollicitudin nibh eros quis ligula. Sed ipsum leo, accumsan et sagittis in, ullamcorper vitae tortor. In tristique ac urna at maximus. Nunc hendrerit turpis a libero egestas semper. Quisque sodales pulvinar dui, vel rutrum quam facilisis in. Ut urna orci, varius bibendum rutrum at, hendrerit et enim. Fusce ullamcorper diam risus, a congue turpis pretium eu. Integer nec varius libero, vel lacinia nisi.

In ac velit nec elit cursus porttitor vel non nisl. Praesent sagittis, ipsum ac viverra imperdiet, dolor neque ornare ipsum, ac vulputate velit urna fermentum dui. Cras felis neque, vestibulum vel scelerisque quis, hendrerit sit amet dolor. Ut porttitor felis quis libero molestie, eu placerat neque imperdiet. Sed pretium nisi sed molestie aliquet. Etiam auctor non lorem non pellentesque. Nunc libero elit, pellentesque sit amet interdum sit amet, lacinia in odio. Duis venenatis, orci at vehicula feugiat, nunc diam vehicula lorem, eget condimentum libero odio eget tortor. Praesent imperdiet mi ac lorem pharetra ornare.]]></content:encoded>
		<excerpt:encoded><![CDATA[]]></excerpt:encoded>
		<wp:post_id>94</wp:post_id>
		<wp:post_date><![CDATA[2017-09-24 21:55:49]]></wp:post_date>
		<wp:post_date_gmt><![CDATA[2017-09-24 21:55:49]]></wp:post_date_gmt>
		<wp:comment_status><![CDATA[open]]></wp:comment_status>
		<wp:ping_status><![CDATA[open]]></wp:ping_status>
		<wp:post_name><![CDATA[94]]></wp:post_name>
		<wp:status><![CDATA[publish]]></wp:status>
		<wp:post_parent>0</wp:post_parent>
		<wp:menu_order>0</wp:menu_order>
		<wp:post_type><![CDATA[post]]></wp:post_type>
		<wp:post_password><![CDATA[]]></wp:post_password>
		<wp:is_sticky>0</wp:is_sticky>
		<category domain="category" nicename="personal"><![CDATA[personal]]></category>
		<wp:postmeta>
			<wp:meta_key><![CDATA[_edit_last]]></wp:meta_key>
			<wp:meta_value><![CDATA[1]]></wp:meta_value>
		</wp:postmeta>
	</item>
	<item>
		<title>about me</title>
		<link>http://localhost/wordpress/</link>
		<pubDate>Sun, 24 Sep 2017 21:57:44 +0000</pubDate>
		<dc:creator><![CDATA[matboe]]></dc:creator>
		<guid isPermaLink="false">http://localhost/wordpress/?page_id=97</guid>
		<description></description>
		<content:encoded><![CDATA[Lorem ipsum dolor sit amet, consectetur adipiscing elit. Sed accumsan, metus non sodales sollicitudin, dui nibh tristique ex, venenatis ultricies eros diam nec enim. Praesent quis cursus magna. Nunc ac diam mattis, semper nunc eu, tempor magna. Maecenas ac convallis felis. Aenean ut velit facilisis, vulputate velit at, placerat nulla. Aliquam quis vestibulum dui. Praesent iaculis quis mi mattis aliquam. Integer tristique massa eros, et accumsan metus ultricies ut. Integer ac iaculis turpis. Donec facilisis justo sed metus consectetur malesuada.

Proin non sodales ante. Orci varius natoque penatibus et magnis dis parturient montes, nascetur ridiculus mus. Sed condimentum elit nec massa hendrerit, eu tincidunt turpis pretium. Morbi tempor porta luctus. Suspendisse ut urna et ipsum bibendum varius. Maecenas rhoncus porttitor odio, sed scelerisque mauris malesuada eu. Maecenas ac hendrerit mauris. Suspendisse potenti. Proin tempus orci non velit pharetra mollis. Morbi faucibus metus vitae lacinia pulvinar.

Quisque cursus at nulla non elementum. Phasellus ut est vestibulum, volutpat mi in, efficitur purus. Quisque ullamcorper tristique orci non rhoncus. Pellentesque habitant morbi tristique senectus et netus et malesuada fames ac turpis egestas. Mauris sit amet consequat erat. Donec elit ante, feugiat porta varius vel, malesuada sit amet dolor. Ut non nibh leo. Orci varius natoque penatibus et magnis dis parturient montes, nascetur ridiculus mus. Phasellus iaculis mauris sed nisi dapibus fringilla. Phasellus porttitor lectus nec mauris viverra consectetur. Proin imperdiet dolor bibendum, bibendum enim nec, gravida diam. Curabitur et ipsum diam.

Donec elit nisl, maximus a nisl non, ornare dapibus libero. Morbi dignissim, velit sit amet consectetur consectetur, lacus enim placerat magna, fringilla sollicitudin nibh eros quis ligula. Sed ipsum leo, accumsan et sagittis in, ullamcorper vitae tortor. In tristique ac urna at maximus. Nunc hendrerit turpis a libero egestas semper. Quisque sodales pulvinar dui, vel rutrum quam facilisis in. Ut urna orci, varius bibendum rutrum at, hendrerit et enim. Fusce ullamcorper diam risus, a congue turpis pretium eu. Integer nec varius libero, vel lacinia nisi.

In ac velit nec elit cursus porttitor vel non nisl. Praesent sagittis, ipsum ac viverra imperdiet, dolor neque ornare ipsum, ac vulputate velit urna fermentum dui. Cras felis neque, vestibulum vel scelerisque quis, hendrerit sit amet dolor. Ut porttitor felis quis libero molestie, eu placerat neque imperdiet. Sed pretium nisi sed molestie aliquet. Etiam auctor non lorem non pellentesque. Nunc libero elit, pellentesque sit amet interdum sit amet, lacinia in odio. Duis venenatis, orci at vehicula feugiat, nunc diam vehicula lorem, eget condimentum libero odio eget tortor. Praesent imperdiet mi ac lorem pharetra ornare.]]></content:encoded>
		<excerpt:encoded><![CDATA[]]></excerpt:encoded>
		<wp:post_id>97</wp:post_id>
		<wp:post_date><![CDATA[2017-09-24 21:57:44]]></wp:post_date>
		<wp:post_date_gmt><![CDATA[2017-09-24 21:57:44]]></wp:post_date_gmt>
		<wp:comment_status><![CDATA[closed]]></wp:comment_status>
		<wp:ping_status><![CDATA[closed]]></wp:ping_status>
		<wp:post_name><![CDATA[about-me]]></wp:post_name>
		<wp:status><![CDATA[publish]]></wp:status>
		<wp:post_parent>0</wp:post_parent>
		<wp:menu_order>0</wp:menu_order>
		<wp:post_type><![CDATA[page]]></wp:post_type>
		<wp:post_password><![CDATA[]]></wp:post_password>
		<wp:is_sticky>0</wp:is_sticky>
		<wp:postmeta>
			<wp:meta_key><![CDATA[_edit_last]]></wp:meta_key>
			<wp:meta_value><![CDATA[1]]></wp:meta_value>
		</wp:postmeta>
	</item>
	<item>
		<title></title>
		<link>http://localhost/wordpress/2017/09/24/102/</link>
		<pubDate>Sun, 24 Sep 2017 21:59:34 +0000</pubDate>
		<dc:creator><![CDATA[matboe]]></dc:creator>
		<guid isPermaLink="false">http://localhost/wordpress/?p=102</guid>
		<description></description>
		<content:encoded><![CDATA[ ]]></content:encoded>
		<excerpt:encoded><![CDATA[]]></excerpt:encoded>
		<wp:post_id>102</wp:post_id>
		<wp:post_date><![CDATA[2017-09-24 21:59:34]]></wp:post_date>
		<wp:post_date_gmt><![CDATA[2017-09-24 21:59:34]]></wp:post_date_gmt>
		<wp:comment_status><![CDATA[closed]]></wp:comment_status>
		<wp:ping_status><![CDATA[closed]]></wp:ping_status>
		<wp:post_name><![CDATA[102]]></wp:post_name>
		<wp:status><![CDATA[publish]]></wp:status>
		<wp:post_parent>0</wp:post_parent>
		<wp:menu_order>2</wp:menu_order>
		<wp:post_type><![CDATA[nav_menu_item]]></wp:post_type>
		<wp:post_password><![CDATA[]]></wp:post_password>
		<wp:is_sticky>0</wp:is_sticky>
		<category domain="nav_menu" nicename="travel-menu"><![CDATA[travel menu]]></category>
		<wp:postmeta>
			<wp:meta_key><![CDATA[_menu_item_type]]></wp:meta_key>
			<wp:meta_value><![CDATA[post_type]]></wp:meta_value>
		</wp:postmeta>
		<wp:postmeta>
			<wp:meta_key><![CDATA[_menu_item_menu_item_parent]]></wp:meta_key>
			<wp:meta_value><![CDATA[0]]></wp:meta_value>
		</wp:postmeta>
		<wp:postmeta>
			<wp:meta_key><![CDATA[_menu_item_object_id]]></wp:meta_key>
			<wp:meta_value><![CDATA[97]]></wp:meta_value>
		</wp:postmeta>
		<wp:postmeta>
			<wp:meta_key><![CDATA[_menu_item_object]]></wp:meta_key>
			<wp:meta_value><![CDATA[page]]></wp:meta_value>
		</wp:postmeta>
		<wp:postmeta>
			<wp:meta_key><![CDATA[_menu_item_target]]></wp:meta_key>
			<wp:meta_value><![CDATA[]]></wp:meta_value>
		</wp:postmeta>
		<wp:postmeta>
			<wp:meta_key><![CDATA[_menu_item_classes]]></wp:meta_key>
			<wp:meta_value><![CDATA[a:1:{i:0;s:0:"";}]]></wp:meta_value>
		</wp:postmeta>
		<wp:postmeta>
			<wp:meta_key><![CDATA[_menu_item_xfn]]></wp:meta_key>
			<wp:meta_value><![CDATA[]]></wp:meta_value>
		</wp:postmeta>
		<wp:postmeta>
			<wp:meta_key><![CDATA[_menu_item_url]]></wp:meta_key>
			<wp:meta_value><![CDATA[]]></wp:meta_value>
		</wp:postmeta>
	</item>
	<item>
		<title>travel destination 2</title>
		<link>http://localhost/wordpress/2017/09/24/travel-destination-2/</link>
		<pubDate>Sun, 24 Sep 2017 22:18:22 +0000</pubDate>
		<dc:creator><![CDATA[matboe]]></dc:creator>
		<guid isPermaLink="false">http://localhost/wordpress/?p=104</guid>
		<description></description>
		<content:encoded><![CDATA[<img class="alignnone size-medium wp-image-87" src="http://localhost/wordpress/wp-content/uploads/2017/09/shapeimage_1-300x125.png" alt="" width="300" height="125" />
Lorem ipsum dolor sit amet, consectetur adipiscing elit. Sed accumsan, metus non sodales sollicitudin, dui nibh tristique ex, venenatis ultricies eros diam nec enim. Praesent quis cursus magna. Nunc ac diam mattis, semper nunc eu, tempor magna. Maecenas ac convallis felis. Aenean ut velit facilisis, vulputate velit at, placerat nulla. Aliquam quis vestibulum dui. Praesent iaculis quis mi mattis aliquam. Integer tristique massa eros, et accumsan metus ultricies ut. Integer ac iaculis turpis. Donec facilisis justo sed metus consectetur malesuada.

Proin non sodales ante. Orci varius natoque penatibus et magnis dis parturient montes, nascetur ridiculus mus. Sed condimentum elit nec massa hendrerit, eu tincidunt turpis pretium. Morbi tempor porta luctus. Suspendisse ut urna et ipsum bibendum varius. Maecenas rhoncus porttitor odio, sed scelerisque mauris malesuada eu. Maecenas ac hendrerit mauris. Suspendisse potenti. Proin tempus orci non velit pharetra mollis. Morbi faucibus metus vitae lacinia pulvinar.

Quisque cursus at nulla non elementum. Phasellus ut est vestibulum, volutpat mi in, efficitur purus. Quisque ullamcorper tristique orci non rhoncus. Pellentesque habitant morbi tristique senectus et netus et malesuada fames ac turpis egestas. Mauris sit amet consequat erat. Donec elit ante, feugiat porta varius vel, malesuada sit amet dolor. Ut non nibh leo. Orci varius natoque penatibus et magnis dis parturient montes, nascetur ridiculus mus. Phasellus iaculis mauris sed nisi dapibus fringilla. Phasellus porttitor lectus nec mauris viverra consectetur. Proin imperdiet dolor bibendum, bibendum enim nec, gravida diam. Curabitur et ipsum diam.

Donec elit nisl, maximus a nisl non, ornare dapibus libero. Morbi dignissim, velit sit amet consectetur consectetur, lacus enim placerat magna, fringilla sollicitudin nibh eros quis ligula. Sed ipsum leo, accumsan et sagittis in, ullamcorper vitae tortor. In tristique ac urna at maximus. Nunc hendrerit turpis a libero egestas semper. Quisque sodales pulvinar dui, vel rutrum quam facilisis in. Ut urna orci, varius bibendum rutrum at, hendrerit et enim. Fusce ullamcorper diam risus, a congue turpis pretium eu. Integer nec varius libero, vel lacinia nisi.

In ac velit nec elit cursus porttitor vel non nisl. Praesent sagittis, ipsum ac viverra imperdiet, dolor neque ornare ipsum, ac vulputate velit urna fermentum dui. Cras felis neque, vestibulum vel scelerisque quis, hendrerit sit amet dolor. Ut porttitor felis quis libero molestie, eu placerat neque imperdiet. Sed pretium nisi sed molestie aliquet. Etiam auctor non lorem non pellentesque. Nunc libero elit, pellentesque sit amet interdum sit amet, lacinia in odio. Duis venenatis, orci at vehicula feugiat, nunc diam vehicula lorem, eget condimentum libero odio eget tortor. Praesent imperdiet mi ac lorem pharetra ornare.]]></content:encoded>
		<excerpt:encoded><![CDATA[]]></excerpt:encoded>
		<wp:post_id>104</wp:post_id>
		<wp:post_date><![CDATA[2017-09-24 22:18:22]]></wp:post_date>
		<wp:post_date_gmt><![CDATA[2017-09-24 22:18:22]]></wp:post_date_gmt>
		<wp:comment_status><![CDATA[open]]></wp:comment_status>
		<wp:ping_status><![CDATA[open]]></wp:ping_status>
		<wp:post_name><![CDATA[travel-destination-2]]></wp:post_name>
		<wp:status><![CDATA[publish]]></wp:status>
		<wp:post_parent>0</wp:post_parent>
		<wp:menu_order>0</wp:menu_order>
		<wp:post_type><![CDATA[post]]></wp:post_type>
		<wp:post_password><![CDATA[]]></wp:post_password>
		<wp:is_sticky>0</wp:is_sticky>
		<category domain="category" nicename="travel"><![CDATA[travel]]></category>
		<wp:postmeta>
			<wp:meta_key><![CDATA[_edit_last]]></wp:meta_key>
			<wp:meta_value><![CDATA[1]]></wp:meta_value>
		</wp:postmeta>
	</item>
</channel>
</rss>
